"Annual  Statistics – Selected Macroeconomic and Financial Indicators",
"Country","Category","Units","2000","2001","2002","2003","2004","2005","2006","2007","2008","2009","2010","2011","2012","2013","2014","2015","2016","2017","2018","2019","2020"
"ANGUILLA","Central Government - Capital Expenditure","EC$M","15.29","12.4","3.32","12.58","41.72","41.03","43.16","59.03","36.94","10.58","3.13","9.55","9.51","8.27","3.43","7.34","6.56","21.52","25.63","",""
"ANGUILLA","Central Government - Capital Revenue","EC$M","0","0","0","16.5","0","0.01","0.08","3.39","9.83","0","0","0","0","0","0","0","0","0","0","",""
"ANGUILLA","Central Government - Current Account Balance","EC$M","0.11","-5.07","3.07","2.48","23.51","20.95","36.1","40.02","-2.36","-54.07","-8.07","31.19","9.46","-2.37","9.87","7.53","1.07","-4.7","-7.41","",""
"ANGUILLA","Central Government - Current Expenditure","EC$M","71.54","77.74","80.97","82.96","93.92","105.87","145.23","170.35","206.74","202.4","186.27","173.85","170.43","175.78","178.17","183.52","187.65","195.35","207.65","",""
"ANGUILLA","Central Government - Current Revenue","EC$M","71.64","72.67","83.94","85.44","117.43","126.83","181.33","210.37","204.38","148.33","155.93","205.04","179.89","173.41","188.04","191.04","188.71","190.65","200.23","",""
"ANGUILLA","Central Government - Debt Service Payments","EC$M","2.39","2.4","3.76","3.48","8.46","6.72","26.9","10.98","40.32","51.02","215.84","10.18","14.98","15.71","16.07","17.97","42.61","46.75","48.24","",""
"ANGUILLA","Central Government - Overall Balance","EC$M","-5.42","-11.3","1.7","9.05","-16.69","-15.65","7.81","-15.62","-20.28","-64.65","0.37","21.64","11.59","5.08","21.26","3.93","-3.15","4.32","1.17","",""
"ANGUILLA","Central Government - Primary Balance","EC$M","-4.89","-9.45","5.07","12.53","-13.45","-10.96","14.12","-8.51","-12.26","-56.37","11.33","30.76","19.93","14.19","30.65","12.3","8.83","20.74","22.31","",""
"ANGUILLA","Central Government Credit (Net) (Countries) – Monetary Survey","EC$000s","11,558","19,825","19,122","12,344","36,684","53,070","22,891","58,265","71,713","129,300","-46,870","-54,319","-57,815","-65,947","-74,516","-64,952","-76,606","-73,618","-35,714","-60,717",""
"ANGUILLA","Currency with the Public","EC$000s","8,762","8,977","8,246","8,976","9,513","9,579","13,524","12,440","15,386","16,402","11,622","11,221","11,186","12,207","12,305","17,378","19,975","22,394","25,266","30,233",""
"ANGUILLA","Domestic Credit – Monetary Survey","EC$000s","393,205","424,623","437,716","495,539","565,510","686,067","780,736","1,093,609","1,299,372","1,376,387","1,231,919","1,199,034","1,123,553","1,053,112","983,294","934,131","532,009","541,512","533,290","526,781",""
"ANGUILLA","Inflation Rate (end of period)","%","","2.9","-1.36","6.9","5.07","3.33","10.45","3.31","5.28","-0.79","n.a.","4.37","-0.34","0.76","-0.92","-1.71","1.72","1.35","-0.44","",""
"ANGUILLA","Inflation Rate (period average)","%","","4.66","0.54","3.21","4.36","4.61","8.44","5.06","6.8","-0.68","n.a.","6.19","3.93","3.2","-0.26","-0.97","-0.52","1.53","0.14","",""
"ANGUILLA","Interest margin to gross income (annualised)","%","84.15","84.2","82.69","78.49","61.98","81.31","83.69","84.94","83.04","88.45","64.18","75.92","80.8","58.53","71.37","74.91","72.3","72.6","70.74","63.39",""
"ANGUILLA","Liquid assets to short-term liabilities","%","42.14","51.43","47.11","49.24","59.23","63.73","62.65","55.96","40.31","35.7","40.55","36.69","34.19","29","31.1","38.71","44.94","49.8","57.54","57.28",""
"ANGUILLA","Liquid assets to total assets","%","35.22","36.15","38.65","37.6","42.74","42.65","39.43","31.6","23.29","21.14","23.91","22.61","21.93","21.01","23.87","27.48","39.95","44.66","50.92","48.34",""
"ANGUILLA","Merchandise Trade - Total Exports","EC$M","10.79","8.67","13.26","11.44","15.52","39.81","33.07","24.8","30.98","62.28","33.56","18.63","15.52","13.52","14.17","29.11","17.84","12.13","14.01","33.66",""
"ANGUILLA","Merchandise Trade - Total Imports","EC$M","255.19","209.8","188.71","207.3","276.58","350.59","474.16","669.34","733.71","456.16","404.49","380.91","445.64","416.03","471.24","551.07","523.5","477.37","789.45","763.72",""
"ANGUILLA","Merchandise Trade Balance","EC$M","-244.4","-201.14","-175.45","-195.86","-261.06","-310.79","-441.08","-644.54","-702.73","-393.87","-370.93","-362.28","-430.11","-402.51","-457.06","-521.97","-505.66","-465.25","-775.44","-730.06",""
"ANGUILLA","Monetary Liabilities (M2)","EC$000s","443,800","500,239","560,525","601,972","717,429","948,120","1,055,275","1,200,762","1,127,808","1,074,554","1,062,357","1,014,552","1,007,587","1,030,897","1,040,341","1,073,938","1,011,017","1,036,030","1,056,501","1,082,672",""
"ANGUILLA","Money Supply (M1)","EC$000s","24,682","22,177","22,033","27,854","29,494","33,040","47,555","56,662","54,019","49,479","42,087","45,429","42,623","43,065","51,506","70,137","64,097","75,345","77,934","79,594",""
"ANGUILLA","Net Domestic Assets – Monetary Survey","EC$000s","341,272","348,502","351,134","401,221","382,900","429,796","526,820","804,055","967,409","1,036,811","865,550","827,434","821,311","797,069","776,876","749,658","580,125","542,051","511,705","470,012",""
"ANGUILLA","Net Foreign Assets - Central Bank","EC$000s","54,798","65,315","70,752","89,924","92,570","107,576","113,011","121,483","110,908","101,374","108,094","101,758","108,036","110,818","127,664","129,986","149,988","206,213","176,877","158,506",""
"ANGUILLA","Net Foreign Assets - Commercial Banks","EC$000s","47,729","86,423","138,639","110,785","241,917","410,606","415,432","275,132","49,436","-63,631","88,713","85,359","78,240","123,009","135,801","194,295","280,904","287,766","367,919","454,154",""
"ANGUILLA","Noninterest expenses to gross income (annualised)","%","57.18","50.8","63.11","69.22","66.7","56.55","56.6","62.07","64.19","63.17","55.71","87.12","79.2","200.04","97.43","78","65.04","89.89","72.66","75.08",""
"ANGUILLA","Nonperforming loans to gross loans","%","5.49","7.42","13.64","23.55","10.52","7.23","8.2","6.36","9.04","13.5","22.07","34.28","36.36","48.95","48.87","49.32","6.52","23.48","24.31","25.76",""
"ANGUILLA","Population","No.","11,254","11,561","11,919","12,200","12,522","13,638","14,254","14,886","15,568","15,962","16,373","13,572","13,718","13,864","14,221","14,356","14,643","14,936","15,234","",""
"ANGUILLA","Private Sector Credit – Monetary Survey","EC$000s","432,280","461,760","484,496","551,018","610,262","726,111","861,868","1,165,250","1,367,262","1,409,624","1,412,537","1,414,160","1,365,722","1,317,702","1,268,044","1,223,134","647,715","669,868","638,202","595,808",""
"ANGUILLA","Public Sector Debt to GDP","%","10.39","12.97","12.96","12.52","16.52","17.85","14.92","14.73","18.1","25.07","32.5","29.25","30.94","30.44","26.4","23.83","63.85","67.55","60.33","",""
"ANGUILLA","Public Sector Outstanding Debt","EC$M","42.17","54.23","55.14","57.69","89.72","110.38","114.22","141.32","173.31","191.3","234.91","229.5","234.01","231.64","221.9","212.71","552.14","517.1","525.17","",""
"ANGUILLA","Real GDP Growth Rates (Market Prices)","%","-0.34","2.23","-3.7","6.1","13.47","13.11","20.01","13.65","-1.34","-18.47","-4.56","3.51","-5.77","-0.66","5.07","3.15","-2.48","-6.64","10.9","10.9","2.22"
"ANGUILLA","Regulatory capital to risk-weighted assets (Capital adequacy ratio)","%","14.08","17.8","19.56","17.68","15.16","14.86","15.99","14.84","14.84","17.47","17.11","13.73","13.24","5.88","-4.77","-5.81","11.83","10.38","18.49","10.95",""
"ANGUILLA","Return on Average Assets (annualised)","%","2.07","2.21","1.01","1.04","1.43","1.91","1.67","1.71","1.38","1.12","1.69","-0.88","-1.56","-2.76","-0.4","0.58","1.08","0.14","0.36","0.88",""
"ANGUILLA","Return on Average Equity  (annualised)","%","24.11","23.34","9.2","9.49","13.68","21.67","15.82","15.15","13.47","9.46","14.13","-8.38","-18.57","-53.62","19.98","-14.24","115.69","6.57","12.76","11.81",""
"ANGUILLA","Stay-over Visitors","No.","43,737","47,944","43,969","46,915","53,987","62,084","72,962","77,652","68,284","57,891","61,998","65,783","64,698","69,068","70,927","73,232","79,239","68,254","54,533","95,375",""
"ANGUILLA","Total Net Foreign Assets – Central Bank and Commercial Banks","EC$000s","102,527","151,738","209,391","200,709","334,487","518,182","528,443","396,615","160,344","37,743","196,807","187,117","186,276","233,827","263,465","324,281","430,892","493,979","544,796","612,660",""
"ANGUILLA","Total Visitor Expenditure (EC$M)","EC$M","149.27","164.69","149.05","173.93","167.51","232.01","289.3","310.4","294.36","253.15","268.38","301.7","304.52","331.56","346.08","346.09","355.46","371.71","291.35","434.03",""
"ANGUILLA","Weighted Average Deposits Rate","%","","","","3.4","3.6","3.47","3.72","3.59","3.93","3.54","3.4","2.87","3.49","3.31","2.97","2.64","2.35","2.21","2.29","2.39",""
"ANGUILLA","Weighted Average Lending Rate","%","","","","9.7","10.87","9.85","9.9","9.63","9.66","10.07","10.46","10.14","9.19","9.17","9.25","9.07","8.78","9.91","9.73","9.84",""
"ANTIGUA AND BARBUDA","Central Government - Capital Expenditure","EC$M","38.63","90.31","98.98","65.45","55.22","94.21","213.65","200.5","225","175.03","53.64","40.1","20.89","43.08","55.1","51.37","123.86","60.67","83.64","",""
"ANTIGUA AND BARBUDA","Central Government - Capital Revenue","EC$M","6.35","1.37","3.35","3.04","22.11","18","5.04","5.14","4.31","2.51","2.97","2.98","2.21","1.3","1.38","65.86","174.07","10.76","28.23","",""
"ANTIGUA AND BARBUDA","Central Government - Current Account Balance","EC$M","-151.99","-125.26","-154.66","-74.59","-80.7","-69.59","-81.39","-24.96","-30.25","-185.89","-4.76","-118.36","-24.85","-102.84","-53.91","44.23","-35.04","-48.96","-98.86","",""
"ANTIGUA AND BARBUDA","Central Government - Current Expenditure","EC$M","477.59","482.57","547.46","497.44","553.03","563.27","684.07","749.62","766.27","781.74","676.23","714.67","671.49","700.66","718.32","738.73","811.75","841.19","914.13","",""
"ANTIGUA AND BARBUDA","Central Government - Current Revenue","EC$M","325.6","357.31","392.8","422.85","472.34","493.68","602.68","724.66","736.01","595.85","639.58","596.32","646.64","597.82","664.41","782.96","776.71","792.23","815.27","",""
"ANTIGUA AND BARBUDA","Central Government - Debt Service Payments","EC$M","177.06","179.36","167.79","135.97","197.04","212.21","253.76","202.5","243.47","182.7","222.6","197.81","226","232.24","228.75","371.43","545.31","504.28","491.97","",""
"ANTIGUA AND BARBUDA","Central Government - Overall Balance","EC$M","-113.02","-204.5","-222.38","-125.82","-65.3","422.88","-214.75","-200.32","-220.95","-358.4","-42.4","-160.06","-43.53","-144.62","-93.83","79.85","-14.82","-96.78","-138.57","",""
"ANTIGUA AND BARBUDA","Central Government - Primary Balance","EC$M","0.17","-129.22","-127.55","-48.35","43.75","512.15","-116.66","-95.82","-118.37","-262.76","30.24","-82.8","36.49","-78.34","-4.96","167.29","88.9","4.44","-31.6","",""
"ANTIGUA AND BARBUDA","Central Government Credit (Net) (Countries) – Monetary Survey","EC$000s","303,495","289,268","294,110","293,041","267,868","262,018","195,737","242,209","464,389","592,073","465,418","543,699","551,996","523,798","515,649","335,294","393,756","376,160","393,336","384,284",""
"ANTIGUA AND BARBUDA","Cruise Ship Passengers","No.","428,791","408,812","312,241","385,686","522,753","466,851","471,623","672,788","596,120","709,795","557,030","604,506","567,707","533,280","525,349","636,458","608,503","792,861","794,604","734,002",""
"ANTIGUA AND BARBUDA","Currency with the Public","EC$000s","84,628","78,126","88,200","98,863","113,340","122,144","143,714","133,877","142,886","146,133","137,740","130,060","121,732","136,586","149,227","159,593","167,530","176,326","188,255","195,964",""
"ANTIGUA AND BARBUDA","Domestic Credit – Monetary Survey","EC$000s","1,425,089","1,447,529","1,569,878","1,690,195","1,687,183","1,838,640","2,028,897","2,366,058","2,735,144","3,033,903","2,947,999","2,861,770","2,711,698","2,684,339","2,610,892","2,251,083","2,336,747","2,324,541","2,360,584","2,421,042",""
"ANTIGUA AND BARBUDA","Inflation Rate (end of period)","%","","1.33","2.55","1.81","2.76","2.54","0.01","5.23","0.73","2.4","2.92","4.04","1.84","1.06","1.33","0.9","-1.12","2.36","1.62","",""
"ANTIGUA AND BARBUDA","Inflation Rate (period average)","%","","1.4","2.41","1.99","2.03","2.1","1.79","1.42","5.33","-0.55","3.37","3.46","3.38","1.06","1.09","0.97","-0.49","2.43","1.2","",""
"ANTIGUA AND BARBUDA","Interest margin to gross income (annualised)","%","81.19","73.16","72.18","67.86","64.72","66.53","63.34","69.63","66.1","73.9","75.33","76.06","74.49","68.79","65.21","63.74","62.54","61.62","60.3","59.5",""
"ANTIGUA AND BARBUDA","Liquid assets to short-term liabilities","%","27.98","28.42","32.2","35.47","37.66","48.49","44.66","46.93","41.12","42.29","36.28","48.68","48.94","46.95","49.58","59.02","59.05","61.87","62.83","52",""
"ANTIGUA AND BARBUDA","Liquid assets to total assets","%","23.94","26.94","28.81","32.31","33.72","41.1","40.78","42.84","36.94","36.61","32.37","45.72","45.22","45.06","47.59","55.11","54.71","56.99","57.65","46.39",""
"ANTIGUA AND BARBUDA","Merchandise Trade - Total Exports","EC$M","60.81","55.44","31.24","48.49","n.a.","325.63","441.49","469.71","249.36","555.4","94.04","78.38","78.32","88.89","62.32","74.37","69.03","56.31","69.77","100.97",""
"ANTIGUA AND BARBUDA","Merchandise Trade - Total Imports","EC$M","913.68","757.13","907.9","1,056.77","n.a.","1,419.21","1,811.01","1,962.92","2,175.04","1,887.44","1,353.32","1,271.96","1,437.43","1,372.87","1,489.73","1,249.1","1,290.61","1,496.49","1,886.65","1,854.99",""
"ANTIGUA AND BARBUDA","Merchandise Trade Balance","EC$M","-852.87","-701.69","-876.66","-1,008.29","n.a.","-1,093.57","-1,369.53","-1,493.21","-1,925.68","-1,332.04","-1,259.28","-1,193.58","-1,359.12","-1,283.98","-1,427.41","-1,174.73","-1,221.59","-1,440.19","-1,816.88","-1,754.01",""
"ANTIGUA AND BARBUDA","Monetary Liabilities (M2)","EC$000s","1,505,061","1,598,629","1,715,449","2,081,012","2,197,102","2,390,475","2,654,872","2,955,104","3,020,959","2,805,229","2,814,300","2,800,154","2,790,108","2,908,440","3,011,781","3,280,750","3,224,647","3,470,108","3,688,927","3,718,857",""
"ANTIGUA AND BARBUDA","Money Supply (M1)","EC$000s","324,866","352,833","350,324","409,307","501,208","597,969","725,797","740,619","758,033","630,016","618,888","603,094","554,009","597,230","632,208","694,143","790,984","925,185","968,589","1,076,492",""
"ANTIGUA AND BARBUDA","Net Domestic Assets – Monetary Survey","EC$000s","1,359,638","1,278,615","1,386,610","1,410,275","1,552,294","1,676,604","1,724,837","2,063,219","2,464,966","2,419,853","2,395,486","2,457,242","2,336,161","2,349,347","2,128,720","1,907,120","1,999,349","1,893,854","1,895,962","1,959,544",""
"ANTIGUA AND BARBUDA","Net Foreign Assets - Central Bank","EC$000s","171,576","215,229","236,624","309,899","327,297","347,047","388,967","392,441","377,935","297,866","368,294","396,294","435,381","546,719","801,469","959,862","890,460","846,490","886,877","753,002",""
"ANTIGUA AND BARBUDA","Net Foreign Assets - Commercial Banks","EC$000s","-26,153","104,785","92,215","360,838","317,510","366,821","541,066","499,443","178,058","87,510","50,520","-53,381","18,566","12,374","81,592","413,768","334,837","729,765","906,089","1,006,311",""
"ANTIGUA AND BARBUDA","Noninterest expenses to gross income (annualised)","%","65.06","65.31","62.49","66.44","63.19","60.45","52.51","52.42","58.29","60.17","61.52","66.52","56.54","75.63","75.52","69.9","63.07","64.14","63.94","60.16",""
"ANTIGUA AND BARBUDA","Nonperforming loans to gross loans","%","5.7","6.72","6.85","9.92","12.46","10.35","11.45","9.7","14.21","7.68","10.55","12.39","14.93","13.73","13.76","9.54","8.66","7.94","6.35","5.33",""
"ANTIGUA AND BARBUDA","Population","No.","72,310","76,886","77,665","78,412","79,196","80,007","80,855","81,736","82,663","83,624","84,622","85,567","86,793","88,069","89,391","90,755","92,157","93,581","95,014","",""
"ANTIGUA AND BARBUDA","Private Sector Credit – Monetary Survey","EC$000s","1,325,038","1,372,118","1,490,179","1,564,329","1,581,811","1,757,026","2,060,148","2,344,403","2,559,766","2,539,548","2,544,263","2,442,340","2,376,230","2,269,538","2,151,627","1,909,468","1,928,326","1,897,679","1,931,077","2,010,524",""
"ANTIGUA AND BARBUDA","Public Sector Debt to GDP","%","97.44","108.08","115.88","128.13","131.4","101.82","90.85","80.65","79.71","89.17","84.26","92.59","87.68","101.06","100.17","86.92","82.61","83.35","78.53","",""
"ANTIGUA AND BARBUDA","Public Sector Outstanding Debt","EC$M","2,174.17","2,335.93","2,547.99","2,962.83","3,263.06","2,812.17","2,839.67","2,858.47","2,948.49","2,957.35","2,613.24","2,843.98","2,840.56","3,223.86","3,380.18","3,137.18","3,204.46","3,303.74","3,414.88","",""
"ANTIGUA AND BARBUDA","Real GDP Growth Rates (Market Prices)","%","6.2","-4.55","1.03","6.08","5.77","6.47","12.71","9.32","-0.01","-11.96","-7.84","-1.96","3.37","-0.6","3.8","3.83","5.5","3.15","7.39","4.66","4.08"
"ANTIGUA AND BARBUDA","Regulatory capital to risk-weighted assets (Capital adequacy ratio)","%","17.1","15.97","15.13","13.68","13.01","13.1","15.52","16.05","16.72","18.8","16.3","4.37","4.14","-14.13","-17.01","29.6","34.82","36.61","36.33","39.38",""
"ANTIGUA AND BARBUDA","Return on Average Assets (annualised)","%","1.65","1.62","1.7","1.45","1.62","2.05","2.9","2.56","2.19","1.55","1.01","1.39","1.31","0.58","0.43","1.26","1.5","1.35","1.35","1.43",""
"ANTIGUA AND BARBUDA","Return on Average Equity  (annualised)","%","23.39","23.02","23.08","20.81","23.86","29.3","38.02","30.54","28.4","18.69","12.82","21.98","64.22","96.5","-66.64","630.26","25.1","20.32","19.8","22.38",""
"ANTIGUA AND BARBUDA","Stay-over Visitors","No.","230,014","214,787","218,399","245,767","267,967","245,384","253,679","261,802","265,844","234,410","229,943","241,331","246,926","243,219","249,316","250,450","265,187","247,311","268,949","301,038",""
"ANTIGUA AND BARBUDA","Total Net Foreign Assets – Central Bank and Commercial Banks","EC$000s","145,423","320,014","328,839","670,737","644,807","713,868","930,033","891,884","555,993","385,376","418,814","342,913","453,947","559,093","883,061","1,373,630","1,225,297","1,576,255","1,792,966","1,759,313",""
"ANTIGUA AND BARBUDA","Total Visitor Expenditure (EC$M)","EC$M","688.74","643.78","651.86","739.93","819.34","846","867.33","912.28","901.71","823.81","803.9","841.77","1,485.97","1,483.9","1,610.26","1,592.52","1,708.25","1,638.68","1,837.97","2,142.03",""
"ANTIGUA AND BARBUDA","Weighted Average Deposits Rate","%","","","","1.49","3.67","3.89","3.54","3.32","3.34","3.31","3.23","3.08","3.01","2.93","2.81","2.04","1.68","1.63","1.44","1.53",""
"ANTIGUA AND BARBUDA","Weighted Average Lending Rate","%","","","","2.78","11.35","10.9","10.4","10.38","10.11","8.93","10.27","10.16","9.48","9.47","9.45","9.3","9.11","9.02","8.44","8.53",""
"THE COMMONWEALTH OF DOMINICA","Central Government - Capital Expenditure","EC$M","58.42","64.9","39.73","41.36","82.31","57.78","83.61","113.05","154.31","151.75","159.08","176.62","168.48","160.45","121.75","82.57","160.84","259.97","383.48","",""
"THE COMMONWEALTH OF DOMINICA","Central Government - Capital Revenue","EC$M","1.92","3.35","1.84","1.35","2.61","17.1","0.85","0.94","0.38","0.4","1.63","1.47","2.73","0.25","0.34","0.07","0.11","0.19","0","",""
"THE COMMONWEALTH OF DOMINICA","Central Government - Current Account Balance","EC$M","-16.38","-35.87","-37.69","-18.68","9.17","17.67","24.79","44.31","42.13","61.62","35.03","29.23","32.48","30.61","21.51","27.08","354.85","182.82","239.55","",""
"THE COMMONWEALTH OF DOMINICA","Central Government - Current Expenditure","EC$M","230.11","238.19","230.59","231.5","233.07","237.43","244.25","267.93","295.64","288.45","316.84","328.15","316.26","352.29","356.07","376.53","395.73","437.82","477.55","",""
"THE COMMONWEALTH OF DOMINICA","Central Government - Current Revenue","EC$M","213.73","202.32","192.9","204.3","234.58","255.1","269.03","312.24","337.77","350.07","351.88","357.38","348.74","382.91","377.58","403.61","750.57","620.65","717.09","",""
"THE COMMONWEALTH OF DOMINICA","Central Government - Debt Service Payments","EC$M","57.82","53.48","56.84","56.45","71.8","35.13","54.91","55.1","53.83","29.25","33.52","50.38","53.03","60.45","58.73","61.97","69.11","67.71","74.75","",""
"THE COMMONWEALTH OF DOMINICA","Central Government - Overall Balance","EC$M","-44.32","-69.05","-58.48","-31.41","-38.86","-11.67","9.07","-9.72","-32.55","-27.02","-81.64","-113.78","-120.57","-129.52","-23.81","-25.47","215.89","-63.21","-117.04","",""
"THE COMMONWEALTH OF DOMINICA","Central Government - Primary Balance","EC$M","-1.79","-28.83","-18.34","13.15","2.74","14.19","43.7","18.46","-8.06","-12.96","-60.62","-89.17","-100.15","-101.45","1.2","-0.03","242.7","-41","-87.31","",""
"THE COMMONWEALTH OF DOMINICA","Central Government Credit (Net) (Countries) – Monetary Survey","EC$000s","69,253","90,140","51,058","28,030","14,504","17,629","-46,573","-53,727","-57,584","-48,677","-51,478","-32,537","-6,616","53,502","58,960","-51,623","-299,581","-322,562","-48,132","113,446",""
"THE COMMONWEALTH OF DOMINICA","Cruise Ship Passengers","No.","239,796","207,627","136,859","177,044","383,614","301,511","379,643","354,515","380,671","516,405","517,979","341,501","266,178","230,587","286,573","281,544","277,131","157,040","127,538","229,747",""
"THE COMMONWEALTH OF DOMINICA","Currency with the Public","EC$000s","35,449","34,605","35,514","34,183","37,599","38,959","45,445","49,028","43,909","50,675","46,464","47,000","45,606","41,590","46,891","46,591","52,615","73,100","91,229","89,083",""
"THE COMMONWEALTH OF DOMINICA","Domestic Credit – Monetary Survey","EC$000s","534,167","546,675","500,440","450,263","449,948","462,478","434,055","437,811","470,250","512,528","577,136","652,901","687,425","722,453","737,360","631,716","402,113","359,985","617,494","768,135",""
"THE COMMONWEALTH OF DOMINICA","Inflation Rate (end of period)","%","","0.88","0.36","2.83","0.82","2.7","1.79","6.01","2.02","3.18","2.25","1.64","1.27","-0.44","0.46","-0.65","0.72","0.58","2.76","",""
"THE COMMONWEALTH OF DOMINICA","Inflation Rate (period average)","%","","1.3","0.17","1.45","2.39","1.68","2.59","3.24","6.36","0.01","2.91","1.06","1.36","-0.05","0.81","-0.85","0.14","0.5","1.36","",""
"THE COMMONWEALTH OF DOMINICA","Interest margin to gross income (annualised)","%","75.29","74.57","68.6","66.24","64.53","70.61","62.88","54.82","44.68","57.12","57.44","55.18","52.69","57.19","48.04","49.64","56.28","56.46","54.31","59.82",""
"THE COMMONWEALTH OF DOMINICA","Liquid assets to short-term liabilities","%","27.79","29.12","44.58","44.53","54.35","52.08","50.6","52.54","46.08","46.54","41.99","40.18","41.82","42.04","47.54","53.86","61.21","70.49","61.69","53.17",""
"THE COMMONWEALTH OF DOMINICA","Liquid assets to total assets","%","23.75","24.61","34.39","37.77","45.52","43.23","43.16","45.76","40.13","38.73","34.37","33.69","35.31","36.62","39.73","46.83","54.35","60.8","54.42","46.2",""
"THE COMMONWEALTH OF DOMINICA","Merchandise Trade - Total Exports","EC$M","144.67","117.21","115.19","108","111.75","111.86","111.98","98.14","107.98","91.81","84.48","85.28","85.28","90.66","91.73","65.66","47.89","31.67","27.43","49.04",""
"THE COMMONWEALTH OF DOMINICA","Merchandise Trade - Total Imports","EC$M","400.95","355.02","314.04","345.41","392","447.75","450.62","528.78","666.95","608.19","614.89","635.98","606.2","619.86","647.39","599.38","577.5","534.65","816.11","794.89",""
"THE COMMONWEALTH OF DOMINICA","Merchandise Trade Balance","EC$M","-256.27","-237.81","-198.85","-237.41","-280.25","-335.89","-338.64","-430.64","-558.97","-516.38","-530.41","-550.7","-520.92","-529.2","-555.66","-533.73","-529.61","-502.98","-788.68","-745.84",""
"THE COMMONWEALTH OF DOMINICA","Monetary Liabilities (M2)","EC$000s","519,496","554,807","611,018","652,693","681,505","705,626","775,946","849,431","884,994","973,026","1,010,227","1,033,956","1,138,351","1,158,540","1,248,936","1,298,468","1,376,227","1,628,725","1,651,123","1,546,402",""
"THE COMMONWEALTH OF DOMINICA","Money Supply (M1)","EC$000s","108,115","111,646","136,881","140,112","147,379","177,525","180,774","201,324","187,287","202,002","192,204","189,770","227,835","212,857","234,688","260,781","302,425","438,122","446,792","371,657",""
"THE COMMONWEALTH OF DOMINICA","Net Domestic Assets – Monetary Survey","EC$000s","453,909","457,244","410,012","353,286","319,249","348,517","347,393","376,882","379,337","413,010","472,053","574,835","593,367","630,668","637,022","555,015","302,146","216,597","469,084","667,529",""
"THE COMMONWEALTH OF DOMINICA","Net Foreign Assets - Central Bank","EC$000s","79,280","84,280","122,797","129,046","114,943","133,619","171,300","164,416","150,123","176,072","181,327","203,427","247,963","230,484","269,787","338,654","596,426","569,498","510,841","448,817",""
"THE COMMONWEALTH OF DOMINICA","Net Foreign Assets - Commercial Banks","EC$000s","-13,693","13,283","78,208","170,356","247,305","223,471","257,223","308,112","355,518","383,943","356,846","255,694","297,021","297,388","342,127","404,800","477,654","842,631","671,198","430,056",""
"THE COMMONWEALTH OF DOMINICA","Noninterest expenses to gross income (annualised)","%","53.11","51.29","66.49","65.33","74.52","68.98","63.79","69.82","91.46","60.3","74.18","94.33","72.89","86.06","77.52","88.42","60.45","71.1","73.87","47.25",""
"THE COMMONWEALTH OF DOMINICA","Nonperforming loans to gross loans","%","5.09","7.75","8.15","18.38","21.13","20.46","8.5","7.41","6.27","4.93","8.14","8.66","12.33","13.89","14.18","15.12","14.45","17.43","17.02","12.24",""
"THE COMMONWEALTH OF DOMINICA","Population","No.","71,544","70,922","70,382","70,352","70,417","70,564","70,692","70,729","70,726","70,747","70,730","69,819","68,967","69,065","69,163","70,546","71,957","73,396","74,864","",""
"THE COMMONWEALTH OF DOMINICA","Private Sector Credit – Monetary Survey","EC$000s","460,319","447,401","439,642","427,010","458,084","485,718","538,667","565,049","611,872","654,338","716,185","763,354","796,484","790,931","773,196","775,597","798,129","785,091","773,053","727,025",""
"THE COMMONWEALTH OF DOMINICA","Public Sector Debt to GDP","%","89.49","95.46","92.96","94","78.17","92.33","85.06","76.58","69.16","64.96","69.04","67.46","77.6","77.89","78.08","74.16","68.28","74.37","74.46","",""
"THE COMMONWEALTH OF DOMINICA","Public Sector Outstanding Debt","EC$M","805.74","876.85","836.27","871.33","775.04","908.09","896.26","871.23","855.58","857.83","920.47","912.59","1,018.28","1,047.89","1,096.71","1,082.72","1,062.3","1,043.78","1,107.51","",""
"THE COMMONWEALTH OF DOMINICA","Real GDP Growth Rates (Market Prices)","%","2.34","-0.06","-2.83","6.35","3.05","0.66","4.66","6.35","7.12","-1.17","0.67","-0.22","-1.06","-1","4.45","-2.69","2.56","-6.8","2.26","5.66","3.91"
"THE COMMONWEALTH OF DOMINICA","Return on Average Assets (annualised)","%","3.18","2.93","1.3","1.44","1.23","1.15","1.47","1.47","0.68","2.07","1.16","0.04","1.06","-0.1","-0.09","0.1","0.79","-1.53","-0.79","2.94",""
"THE COMMONWEALTH OF DOMINICA","Return on Average Equity  (annualised)","%","34.74","29.59","13.61","15.68","13.2","12.05","17.6","19.7","10.24","30.25","16.02","0.64","18.52","-1.78","-1.88","2.44","22.18","-39.09","-14.96","60.43",""
"THE COMMONWEALTH OF DOMINICA","Stay-over Visitors","No.","69,596","66,395","69,193","73,191","80,087","79,258","84,041","77,809","81,112","70,160","71,761","71,769","75,130","75,096","78,135","71,419","75,204","69,794","62,985","89,751",""
"THE COMMONWEALTH OF DOMINICA","Total Net Foreign Assets – Central Bank and Commercial Banks","EC$000s","65,587","97,563","201,005","299,402","362,248","357,090","428,523","472,528","505,641","560,015","538,173","459,121","544,984","527,872","611,914","743,454","1,074,080","1,412,129","1,182,039","878,873",""
"THE COMMONWEALTH OF DOMINICA","Total Visitor Expenditure (EC$M)","EC$M","108.4","125.35","122.93","141.35","163.71","153.97","193.56","201.06","239.06","208.43","252.82","285.95","205.54","277","343.46","336.97","276.21","201.56","219.57","303.34",""
"THE COMMONWEALTH OF DOMINICA","Weighted Average Deposits Rate","%","","","","","3.04","3.12","3.35","3.23","3.22","3.2","3.26","3.14","3.01","3.02","2.8","2.09","1.7","1.6","1.7","1.75",""
"THE COMMONWEALTH OF DOMINICA","Weighted Average Lending Rate","%","","","","","9.78","9.73","9.17","9.18","8.88","9.99","8.95","8.77","9.03","8.96","8.76","8.43","8.12","7.96","7.6","7.49",""
"GRENADA","Central Government - Capital Expenditure","EC$M","135.2","162.6","244.45","155.44","81.87","163.64","271.28","211.27","213.88","117.07","107.95","131.53","108.36","154.32","226.69","223.64","120.13","80.62","86.84","",""
"GRENADA","Central Government - Capital Revenue","EC$M","0.72","0.46","2.73","0.27","1.24","0.32","0.12","0.09","0.1","0.14","0.17","0.11","0.09","0.05","0.09","0.13","0","0","0","",""
"GRENADA","Central Government - Current Account Balance","EC$M","78.93","36.05","13.26","37.89","52.25","153.51","86.95","82.6","67.66","1.6","23.83","4.95","-32.13","-24.55","20.86","104.28","112.1","108.05","166.76","",""
"GRENADA","Central Government - Current Expenditure","EC$M","230.43","258.37","283.29","285.68","320.76","301.11","317.45","346.04","413.6","416.65","408.55","420.76","458.13","462.13","491.36","466.98","565.46","605.89","608.48","",""
"GRENADA","Central Government - Current Revenue","EC$M","302.66","282.82","292.52","323.57","300.82","359.74","386.03","428.44","464.51","401.8","414.9","425.71","425.27","437.57","502.32","571.26","651.58","700.07","755.88","",""
"GRENADA","Central Government - Debt Service Payments","EC$M","55.29","57.3","79.3","64.81","95.68","45.89","96.58","86.31","79.24","117.49","90.93","125.28","139.08","153.45","197.21","157.22","206.86","233.54","237.52","",""
"GRENADA","Central Government - Overall Balance","EC$M","-29.65","-92.5","-208.95","-58.05","-32.92","55.82","-97.91","-108.94","-111.32","-102.62","-50.77","-66.4","-119.59","-147.56","-115.19","-32.05","51.54","91.63","154.85","",""
"GRENADA","Central Government - Primary Balance","EC$M","-5.5","-64.61","-157.17","5","38.92","83.58","-68.88","-75.92","-76.44","-57.31","-7.76","-14.8","-45.95","-76.98","-28.4","57.86","133.82","172.6","218.1","",""
"GRENADA","Central Government Credit (Net) (Countries) – Monetary Survey","EC$000s","59,811","94,702","71,071","126,629","71,152","14,871","37,349","103,689","122,932","98,895","110,015","150,401","107,514","52,253","17,344","-65,877","-58,812","-120,633","-201,330","-222,595",""
"GRENADA","Cruise Ship Passengers","No.","180,305","147,381","135,061","146,925","229,800","275,085","218,647","270,259","292,712","342,852","333,291","309,564","242,757","197,309","235,140","270,628","314,913","299,429","342,826","337,940",""
"GRENADA","Currency with the Public","EC$000s","71,138","70,197","75,152","84,684","102,098","105,264","104,496","107,774","103,400","106,662","98,816","108,657","112,876","115,687","124,092","131,547","135,661","151,378","143,852","138,599",""
"GRENADA","Domestic Credit – Monetary Survey","EC$000s","949,767","1,014,804","990,863","1,049,729","1,009,882","1,082,320","1,206,990","1,412,017","1,601,091","1,641,854","1,699,045","1,782,545","1,857,440","1,695,394","1,526,922","1,320,074","1,240,914","1,206,776","1,101,791","1,072,002",""
"GRENADA","Inflation Rate (end of period)","%","","n.a.","2.29","1.64","2.49","6.2","1.65","7.4","5.17","-2.35","4.21","3.52","1.81","-1.24","-0.63","1.11","0.92","0.53","1.4","",""
"GRENADA","Inflation Rate (period average)","%","","n.a.","1.07","2.15","2.31","3.48","4.25","3.86","8.03","-0.31","3.44","3.03","2.41","-0.04","-0.98","-0.52","1.64","0.91","0.81","",""
"GRENADA","Interest margin to gross income (annualised)","%","78.32","78.55","77.68","76.43","77.17","78.87","79.86","75.59","73.78","79.24","78.79","77.43","74.02","72.91","70.44","70.53","69.97","70.81","68.06","68.05",""
"GRENADA","Liquid assets to short-term liabilities","%","22.5","28.39","32.88","35.91","47.94","39.28","34.23","30.58","26.76","24.13","23.25","25.42","25","29.84","34.87","40.55","44.68","46.14","48.19","47.72",""
"GRENADA","Liquid assets to total assets","%","20.68","25.84","30.1","32.72","43.7","36.28","31.13","27.52","24.05","21.72","20.63","22.86","22.82","27.62","32.7","37.76","41.37","42.07","44.89","43.46",""
"GRENADA","Merchandise Trade - Total Exports","EC$M","211.13","160.72","105.47","112.91","86.5","74.64","68.5","90.21","81.68","78.81","67.42","84.58","93.43","99.4","100.92","94.29","81.34","81.12","84.45","85.55",""
"GRENADA","Merchandise Trade - Total Imports","EC$M","664.13","591.82","545.46","686.94","681.76","901.89","893.24","985.86","1,018.55","790.39","858.63","906.02","921.42","994.78","916.79","942.16","946.38","1,134.78","1,260.72","1,267.68",""
"GRENADA","Merchandise Trade Balance","EC$M","-453","-431.1","-439.99","-574.03","-595.26","-827.25","-824.74","-895.65","-936.88","-711.58","-791.2","-821.44","-828","-895.38","-815.87","-847.87","-865.03","-1,053.65","-1,176.27","-1,182.13",""
"GRENADA","Monetary Liabilities (M2)","EC$000s","1,031,259","1,147,291","1,238,999","1,336,422","1,605,153","1,531,736","1,530,193","1,703,203","1,767,190","1,820,032","1,837,394","1,849,671","1,862,250","1,938,722","2,017,980","2,122,367","2,151,013","2,236,230","2,368,851","2,437,034",""
"GRENADA","Money Supply (M1)","EC$000s","203,151","216,635","248,108","285,632","421,916","349,587","337,533","393,655","368,820","331,979","341,863","324,527","333,002","381,039","466,469","542,996","577,892","625,054","702,300","762,904",""
"GRENADA","Net Domestic Assets – Monetary Survey","EC$000s","894,603","938,761","911,263","940,095","894,240","998,240","1,106,722","1,294,639","1,516,031","1,533,511","1,592,136","1,680,775","1,748,470","1,586,332","1,435,826","1,284,555","1,175,908","1,182,690","1,053,863","1,036,785",""
"GRENADA","Net Foreign Assets - Central Bank","EC$000s","155,682","172,642","237,164","225,935","330,563","256,340","271,436","301,143","283,325","306,296","280,414","285,931","280,811","365,603","427,309","508,984","543,711","526,123","623,237","632,134",""
"GRENADA","Net Foreign Assets - Commercial Banks","EC$000s","-19,026","35,888","90,572","170,391","380,350","277,156","152,035","107,421","-32,166","-19,776","-35,156","-117,035","-167,032","-13,213","154,845","328,828","431,394","527,417","691,752","768,115",""
"GRENADA","Noninterest expenses to gross income (annualised)","%","57.26","58.49","60.1","54.05","71.95","76.08","66.38","66.19","64.63","69.17","68.18","85.57","70","108.96","86.54","73.82","73.97","78.82","76.98","71.79",""
"GRENADA","Nonperforming loans to gross loans","%","4.97","2.85","2.53","4.54","6.01","5.46","3.74","3.46","3.46","5.9","7.53","9.36","11.76","13.79","14.55","9.95","6.7","3.91","2.4","2.2",""
"GRENADA","Population","No.","101,308","103,143","104,068","104,769","104,712","104,441","104,708","104,981","105,298","105,175","105,038","106,667","107,599","108,580","109,374","110,096","110,910","111,467","112,139","",""
"GRENADA","Private Sector Credit – Monetary Survey","EC$000s","909,895","925,708","952,091","984,544","1,029,532","1,114,504","1,242,979","1,425,161","1,596,677","1,668,759","1,762,150","1,800,318","1,803,215","1,700,402","1,613,868","1,552,388","1,548,596","1,558,546","1,602,011","1,624,106",""
"GRENADA","Public Sector Debt to GDP","%","49.54","60.02","90.2","86.38","93.13","85.98","90.68","86.5","82.14","92.95","95.41","100.8","103.29","103.67","96.88","88.58","79.99","69.72","66.27","",""
"GRENADA","Public Sector Outstanding Debt","EC$M","695.65","843.39","1,315.87","1,378.33","1,506.49","1,614.31","1,710.61","1,771.95","1,831.78","1,935.7","1,986.09","2,119.24","2,230.71","2,358.68","2,384.23","2,384.5","2,292.89","2,119.16","2,091.29","",""
"GRENADA","Real GDP Growth Rates (Market Prices)","%","4.89","-2.02","3.44","9.46","-0.65","13.27","-3.99","6.12","0.95","-6.61","-0.51","0.76","-1.16","2.35","7.34","6.45","3.74","4.44","4.14","3.13","3.13"
"GRENADA","Regulatory capital to risk-weighted assets (Capital adequacy ratio)","%","13.75","14.44","15.96","18.24","16.36","15.82","17.79","15.78","15.17","16.11","16.86","15.44","14.45","14.13","13.65","12.57","14.2","13.82","13.19","11.85",""
"GRENADA","Return on Average Assets (annualised)","%","2.51","2.41","2.29","2.77","0.54","0.74","2.52","2.09","1.91","1.25","1.24","0.24","0.49","-1.83","-0.06","1.52","1.5","1.07","0.97","1.38",""
"GRENADA","Return on Average Equity  (annualised)","%","39.61","38.14","33.67","37.17","6.69","10","34.94","27.54","25.99","16.66","16.47","3.2","6.92","-28.65","-1.02","31.29","28.37","17.2","15.83","22.02",""
"GRENADA","Stay-over Visitors","No.","126,661","121,485","121,074","133,724","127,919","98,548","118,653","129,088","123,770","102,429","98,399","106,998","105,231","105,984","125,224","132,547","135,306","146,376","160,975","162,902",""
"GRENADA","Total Net Foreign Assets – Central Bank and Commercial Banks","EC$000s","136,656","208,530","327,736","396,326","710,913","533,496","423,471","408,564","251,159","286,520","245,258","168,896","113,779","352,390","582,154","837,812","975,105","1,053,540","1,314,989","1,400,249",""
"GRENADA","Total Visitor Expenditure (EC$M)","EC$M","481.55","434.03","469.1","279.99","233.42","192.82","253.27","349.21","341.79","283.47","282.7","290.98","304.01","327.53","362.25","392.52","372.4","407.59","537.15","458",""
"GRENADA","Weighted Average Deposits Rate","%","","","","","2.82","2.71","2.99","3.04","3.16","3.03","2.65","2.86","2.68","2.46","2.23","1.57","1.44","1.33","1.31","1.24",""
"GRENADA","Weighted Average Lending Rate","%","","","","","10.02","9.96","9.72","9.65","9.23","10.7","9.46","10.33","9.19","9.1","9.01","8.7","8.43","7.99","7.56","7.21",""
"MONTSERRAT","Central Government - Capital Expenditure","EC$M","18.72","24.52","38.92","32.9","32.95","25.35","18.65","26.55","35.49","37.09","29.79","27.81","39.6","73.51","42.2","26.33","20.9","16.14","13.43","",""
"MONTSERRAT","Central Government - Capital Revenue","EC$M","0","0","0","0","0","0","0","0","0","0","0","0","0","0","0","0","0","0","0","",""
"MONTSERRAT","Central Government - Current Account Balance","EC$M","4.79","3.39","5.97","9.2","-1.55","-6.68","4.49","1.4","0.07","3.09","-2.02","24.34","-14.51","-34.85","-2.76","23.82","7.14","5.43","-1.53","",""
"MONTSERRAT","Central Government - Current Expenditure","EC$M","49.58","51.2","64.1","77.21","89.78","78.66","83.44","92.34","96.76","97.31","88.1","93.17","111.76","107.74","117.86","120.72","114.25","118.11","129.84","",""
"MONTSERRAT","Central Government - Current Revenue","EC$M","27.44","25.22","29.18","30.58","32.41","34.61","34.49","35.77","40.15","40.08","38.56","41.23","42.49","41.73","45.31","45.55","47","47.06","50.3","",""
"MONTSERRAT","Central Government - Debt Service Payments","EC$M","0.86","2.22","0.79","2.16","0.32","0.22","0.17","0.26","0.21","0.21","0.19","0.16","0.14","0.15","0.15","0.15","0.14","0.14","0.14","",""
"MONTSERRAT","Central Government - Overall Balance","EC$M","4.79","3.39","5.97","19.36","2.02","-18.01","-3.97","-7.15","-13.45","5.87","3.38","13.18","-11.84","-27.33","-9.8","31.19","-0.64","1.9","-10.91","",""
"MONTSERRAT","Central Government - Primary Balance","EC$M","5.45","3.42","6.56","19.53","2.19","-17.91","-3.89","-7.04","-13.36","5.96","3.49","13.22","-11.81","-27.3","-9.77","31.22","-0.61","1.92","-10.88","",""
"MONTSERRAT","Central Government Credit (Net) (Countries) – Monetary Survey","EC$000s","-8,169","-13,505","-21,770","-34,380","-40,456","-30,477","-23,584","-25,518","-19,405","-21,192","-27,582","-54,621","-64,313","-56,631","-52,761","-82,747","-76,463","-69,843","-75,354","-66,823",""
"MONTSERRAT","Cruise Ship Passengers","No.","0","0","0","863","363","169","65","273","0","189","878","1,114","840","364","184","2,591","3,596","7,128","4,294","6,821",""
"MONTSERRAT","Currency with the Public","EC$000s","9,657","11,830","10,805","12,553","12,963","12,289","14,176","15,072","11,566","14,863","15,972","21,627","25,694","18,388","18,355","20,195","20,691","21,383","21,810","24,306",""
"MONTSERRAT","Domestic Credit – Monetary Survey","EC$000s","3,647","-1,054","-13,755","-26,110","-32,910","-19,570","-10,209","-168","12,025","9,778","15,015","-5,101","-17,040","-9,712","-6,775","-30,875","-14,640","-736","3,566","9,360",""
"MONTSERRAT","Inflation Rate (end of period)","%","","4.85","3.48","1.21","3.97","2.91","1.02","4","4.51","2.45","2.55","4.43","3.64","-0.54","-1.02","-0.08","-1.3","1.65","2.4","",""
"MONTSERRAT","Inflation Rate (period average)","%","","4.75","3.98","1.16","3.1","2.67","1.93","2.71","4.9","2.79","2.09","3.67","4.77","0.87","-0.29","-1.15","-0.25","1.19","1.5","",""
"MONTSERRAT","Interest margin to gross income (annualised)","%","78.23","80.72","77.92","70.18","76.39","81.16","78.35","83.32","83.69","79.38","78.08","81.09","41.55","58.98","53.87","50.99","59.99","57.9","51.99","59.93",""
"MONTSERRAT","Liquid assets to short-term liabilities","%","72.52","78.42","77.2","87.43","87.22","86","87.32","90.84","89.5","89.19","87.1","87.34","84.72","86.78","86.58","83.51","84.97","84.1","84.39","82.67",""
"MONTSERRAT","Liquid assets to total assets","%","64.15","68.3","65.98","73.06","74.75","74.35","76","78.36","79.26","79.59","76.59","77.94","74.37","75.43","75.83","74.31","75.07","74.08","73.32","71.27",""
"MONTSERRAT","Merchandise Trade - Total Exports","EC$M","2.91","1.66","3.69","3.9","11.41","3.74","2.92","7.06","11.31","8.55","2.45","6.26","4.84","16.1","9.12","8.04","10.76","15.96","14.69","17.14",""
"MONTSERRAT","Merchandise Trade - Total Imports","EC$M","58.37","52.32","68.65","76.73","77.5","80.35","81.51","80.03","102.72","79.99","79.23","90.23","99.73","113.65","111.3","104.31","97.52","81.92","92.01","94",""
"MONTSERRAT","Merchandise Trade Balance","EC$M","-55.46","-50.66","-64.95","-72.83","-66.09","-76.61","-78.59","-72.97","-91.41","-71.44","-76.78","-83.97","-94.9","-97.55","-102.18","-96.26","-86.76","-65.97","-77.32","-76.87",""
"MONTSERRAT","Monetary Liabilities (M2)","EC$000s","104,093","106,948","106,177","117,537","127,203","132,644","139,724","151,739","152,974","165,766","170,548","192,560","220,842","215,327","239,202","244,864","247,306","242,819","255,943","257,002",""
"MONTSERRAT","Money Supply (M1)","EC$000s","28,427","29,769","29,931","38,850","39,615","34,946","36,597","43,216","39,310","38,146","35,434","41,172","47,369","53,620","45,074","47,640","62,195","60,762","68,103","80,549",""
"MONTSERRAT","Net Domestic Assets – Monetary Survey","EC$000s","-14,983","-23,208","-30,127","-46,036","-45,963","-32,381","-29,677","-19,145","-14,130","-19,079","-16,193","-39,413","-58,027","-54,753","-48,893","-75,647","-62,876","-53,101","-53,694","-50,257",""
"MONTSERRAT","Net Foreign Assets - Central Bank","EC$000s","28,089","33,738","38,884","41,115","38,103","37,739","41,088","40,840","33,302","40,572","47,818","69,477","86,629","109,383","121,767","138,960","133,259","128,465","135,247","152,582",""
"MONTSERRAT","Net Foreign Assets - Commercial Banks","EC$000s","90,987","96,418","97,421","122,454","135,059","127,283","128,304","130,040","133,802","144,273","138,923","162,496","192,240","160,697","166,329","181,551","176,923","167,455","174,390","154,677",""
"MONTSERRAT","Noninterest expenses to gross income (annualised)","%","19.85","42.01","34.49","44.47","47.82","44.44","53.47","45.56","45.17","56.82","116.31","158.86","53.6","82.59","86.3","84.84","79.55","80.09","77.74","91.18",""
"MONTSERRAT","Nonperforming loans to gross loans","%","7.8","7.86","7.36","2.23","3.47","2.35","3.27","1.77","1.46","2.37","2.57","2.73","5.02","5.87","5.24","7.15","4.86","5.66","4.91","5.45",""
"MONTSERRAT","Population","No.","3,894","4,517","4,563","4,482","4,681","4,785","4,655","4,819","4,875","5,039","5,020","4,924","4,936","4,959","4,976","5,012","5,048","5,085","5,122","",""
"MONTSERRAT","Private Sector Credit – Monetary Survey","EC$000s","23,371","25,672","22,367","23,325","24,515","28,070","33,638","40,464","46,180","53,192","61,760","68,357","75,142","66,863","67,127","70,763","80,321","83,640","88,171","86,711",""
"MONTSERRAT","Public Sector Debt to GDP","%","27.51","23.16","18.54","15.15","12.61","10.83","9.9","9.01","7.14","5.65","5.8","4.61","4.32","4.25","5.97","7.41","6.8","8.13","7.35","",""
"MONTSERRAT","Public Sector Outstanding Debt","EC$M","26.69","22.47","19.94","16.9","15.01","14.29","13.8","13.16","11.06","9.06","8.69","7.93","7.4","6.83","9.51","12.28","11.53","13.09","12.32","",""
"MONTSERRAT","Real GDP Growth Rates (Market Prices)","%","-2.53","-0.31","2.3","0.49","4.72","3.13","-0.71","0.44","4.23","1.55","-6.9","5.99","0.18","1.06","1.61","1.18","1.32","-3.78","3.99","4.49","4.27"
"MONTSERRAT","Return on Average Assets (annualised)","%","2.99","1.71","1.71","1.54","1.75","1.83","1.43","1.75","1.64","1.24","-0.65","-2.09","1.7","0.12","-0.02","0.23","0.37","0.33","0.48","-0.05",""
"MONTSERRAT","Return on Average Equity  (annualised)","%","51.04","26.17","24.73","19.59","21.62","18.53","14.02","19.46","18.61","13.62","-8.47","-41.23","36.8","1.98","-0.33","3.95","6.26","5.07","7.12","-0.68",""
"MONTSERRAT","Stay-over Visitors","No.","10,278","9,800","9,623","8,414","10,132","9,690","7,991","7,746","7,360","6,311","5,981","5,395","7,310","7,201","8,804","8,944","8,842","9,539","10,232","10,402",""
"MONTSERRAT","Total Net Foreign Assets – Central Bank and Commercial Banks","EC$000s","119,076","130,156","136,305","163,569","173,162","165,022","169,392","170,880","167,104","184,845","186,741","231,973","278,869","270,080","288,096","320,511","310,182","295,920","309,637","307,259",""
"MONTSERRAT","Total Visitor Expenditure (EC$M)","EC$M","24.18","22.89","23.4","19.78","24.82","24.25","20.91","20.1","19.02","16.38","15.88","14.01","18.97","18.33","22.2","22.88","22.92","25.36","26.76","26.98",""
"MONTSERRAT","Weighted Average Deposits Rate","%","","","","0","2.3","2.54","2.67","2.59","2.53","2.58","2.59","2.19","2.19","1.83","1.95","1.1","1.1","1.12","1.1","1.12",""
"MONTSERRAT","Weighted Average Lending Rate","%","","","","1.86","10.97","10.5","10.48","10.3","9.58","8.75","8.69","8.45","7.98","8.02","8.05","7.49","7.07","6.89","6.68","6.63",""
"ST. KITTS AND NEVIS","Central Government - Capital Expenditure","EC$M","98.45","95.74","115.92","62.51","66.72","78.84","70.99","100.68","86.4","87.69","118.42","84.18","72.2","141.01","129.17","144.08","110.38","138.7","303.39","",""
"ST. KITTS AND NEVIS","Central Government - Capital Revenue","EC$M","4.29","3.69","6.52","2.22","4.61","4.03","5.6","36.44","62","18.24","12.85","9.27","10.1","24.12","34.32","9.06","5.49","8.13","35.45","",""
"ST. KITTS AND NEVIS","Central Government - Current Account Balance","EC$M","-40.77","-39.12","-24.02","-11.32","-15.79","-5.45","13.6","16.77","10.77","46.83","22.98","116.3","151.97","296.84","299.56","264.3","157.25","127.07","334.35","",""
"ST. KITTS AND NEVIS","Central Government - Current Expenditure","EC$M","295.07","306.97","323.53","333.14","381.45","439.85","478.23","500.09","536.23","545.25","530.14","594.93","546.47","560.58","621.92","638.79","648.05","654.24","767.79","",""
"ST. KITTS AND NEVIS","Central Government - Current Revenue","EC$M","254.3","267.24","299.06","321.39","365.38","433.73","491.52","516.14","542.91","536.39","507.82","649.98","644.61","812.74","889.19","886.6","764.74","750.53","1,064.75","",""
"ST. KITTS AND NEVIS","Central Government - Debt Service Payments","EC$M","67.16","75.54","102.31","123.4","132.11","158.13","209.16","205.95","211.99","204.31","218.26","326.81","233.25","143.37","229.65","242.67","101.28","95.39","91.62","",""
"ST. KITTS AND NEVIS","Central Government - Overall Balance","EC$M","-126.58","-109.43","-157.16","-79.86","-85.48","-48.67","-31.1","-32.91","-4.83","-18.33","-79.66","49.02","222.29","281.63","240.98","147.04","123.02","51.23","87.95","",""
"ST. KITTS AND NEVIS","Central Government - Primary Balance","EC$M","-84.02","-56.99","-90.28","-5.38","-3.92","47.14","78.11","82.98","123.46","104.83","51.37","174.78","338.94","362.68","318.92","194.37","165.59","92.05","126.59","",""
"ST. KITTS AND NEVIS","Central Government Credit (Net) (Countries) – Monetary Survey","EC$000s","271,267","279,832","261,952","172,678","251,602","616,507","686,131","734,733","685,569","782,447","542,899","819,795","582,381","372,049","462,195","-286,989","-357,642","-333,767","-518,212","-439,366",""
"ST. KITTS AND NEVIS","Cruise Ship Passengers","No.","164,611","252,172","167,230","146,317","254,535","215,351","203,075","249,323","400,916","450,553","515,787","605,407","526,305","591,972","701,444","909,107","932,230","1,067,412","1,167,647","1,056,858",""
"ST. KITTS AND NEVIS","Currency with the Public","EC$000s","40,928","36,434","38,322","40,353","45,084","50,258","55,459","56,732","70,124","78,330","101,052","101,992","107,604","133,101","154,639","168,259","178,130","196,357","205,599","210,660",""
"ST. KITTS AND NEVIS","Domestic Credit – Monetary Survey","EC$000s","788,750","790,687","783,262","778,351","1,035,378","1,205,400","1,373,144","1,476,076","1,608,877","1,708,535","1,870,358","1,784,100","1,490,309","1,133,020","1,012,584","235,965","92,731","140,169","74,416","249,670",""
"ST. KITTS AND NEVIS","Inflation Rate (end of period)","%","","","","","","","","","","","n.a.","2.04","0.51","0.61","-0.55","-2.4","0.03","0.76","-0.75","",""
"ST. KITTS AND NEVIS","Inflation Rate (period average)","%","","","","","","","","","","","0.85","5.84","0.82","1.11","0.25","-2.3","-0.69","0.69","-1.04","",""
"ST. KITTS AND NEVIS","Interest margin to gross income (annualised)","%","84.64","83.13","80.07","78.97","65.55","63.23","56.53","50.22","42.43","63.89","57.76","40.82","32.06","46.47","52.54","51.77","54.41","51.77","45.37","42.52",""
"ST. KITTS AND NEVIS","Liquid assets to short-term liabilities","%","37.23","49.14","47.33","59","45.09","53.26","45.4","48.41","48.4","50.91","51.51","51.79","56.16","58.7","58.81","59.95","60.07","62.64","65.62","62.17",""
"ST. KITTS AND NEVIS","Liquid assets to total assets","%","33.95","39.17","42.27","45.67","40.01","39.75","40.13","38.7","39.48","43.61","41.82","44.18","47.7","52","53.75","56.35","56.96","59.05","60.21","55.73",""
"ST. KITTS AND NEVIS","Merchandise Trade - Total Exports","EC$M","88.56","83.75","105.42","147.39","109.32","135.51","144.18","137.86","162.29","127.58","139.81","163.42","166.16","150.34","153.48","149.58","137.92","135.76","146.41","169.87",""
"ST. KITTS AND NEVIS","Merchandise Trade - Total Imports","EC$M","529.17","510.58","544.69","538.9","493.42","568.27","673.69","734.9","877.01","769.73","723.73","669.68","609.16","672.04","724.8","801.56","900.04","834.1","903.21","912.85",""
"ST. KITTS AND NEVIS","Merchandise Trade Balance","EC$M","-440.61","-426.83","-439.27","-391.52","-384.11","-432.76","-529.51","-597.04","-714.72","-642.15","-583.92","-506.26","-442.99","-521.7","-571.32","-651.98","-762.12","-698.34","-756.8","-742.98",""
"ST. KITTS AND NEVIS","Monetary Liabilities (M2)","EC$000s","809,269","833,255","880,400","950,598","1,166,251","1,235,323","1,404,477","1,567,666","1,668,714","1,765,715","1,948,243","2,175,009","2,346,958","2,588,543","2,955,131","3,035,785","2,907,667","2,808,025","2,759,787","2,900,869",""
"ST. KITTS AND NEVIS","Money Supply (M1)","EC$000s","118,877","130,891","125,251","142,606","177,078","181,660","209,397","228,524","268,870","260,524","361,025","485,476","541,330","521,091","582,111","623,471","567,397","564,683","552,909","634,078",""
"ST. KITTS AND NEVIS","Net Domestic Assets – Monetary Survey","EC$000s","659,078","607,952","569,791","551,372","877,748","871,270","946,631","995,922","920,113","1,156,036","1,303,483","1,249,872","969,396","642,705","591,253","622,126","429,985","411,901","385,387","369,923",""
"ST. KITTS AND NEVIS","Net Foreign Assets - Central Bank","EC$000s","121,748","153,293","177,217","175,592","212,899","194,521","241,024","260,683","299,819","334,246","424,055","629,404","679,431","786,500","859,708","757,188","844,714","963,838","959,384","934,908",""
"ST. KITTS AND NEVIS","Net Foreign Assets - Commercial Banks","EC$000s","28,443","72,010","133,392","223,634","75,604","169,532","216,821","311,061","448,783","275,433","220,705","295,733","698,131","1,159,338","1,504,170","1,656,471","1,632,968","1,432,286","1,415,015","1,596,037",""
"ST. KITTS AND NEVIS","Noninterest expenses to gross income (annualised)","%","42.94","38.89","45.31","51.54","45.58","36.52","36.84","36.71","30.73","48.66","64.14","48.33","75.5","61.36","65.06","66.99","64.12","66.76","55.82","71.65",""
"ST. KITTS AND NEVIS","Nonperforming loans to gross loans","%","2.72","4.12","4.04","8.44","12.39","6.11","4.82","4.21","4.53","4.27","5.53","6.65","10.41","10.65","12.65","15.45","14.66","20.46","24.69","24.03",""
"ST. KITTS AND NEVIS","Population","No.","43,267","46,800","47,656","48,376","48,230","47,698","47,604","47,509","47,415","47,321","47,235","47,306","47,535","47,773","48,011","48,252","48,493","48,735","48,978","",""
"ST. KITTS AND NEVIS","Private Sector Credit – Monetary Survey","EC$000s","666,570","664,163","645,235","736,253","823,150","895,749","987,703","1,081,074","1,242,746","1,311,062","1,356,633","1,406,382","1,408,537","1,396,281","1,404,526","1,448,989","1,461,833","1,484,286","1,505,388","1,528,478",""
"ST. KITTS AND NEVIS","Public Sector Debt to GDP","%","94.57","104.06","116.91","143.97","149.21","152.17","144.01","136.67","127.49","132.16","136.12","129.03","126.12","93.28","71.69","63.65","59","59.26","57.34","",""
"ST. KITTS AND NEVIS","Public Sector Outstanding Debt","EC$M","1,075.07","1,287.34","1,516.99","1,824.62","2,042.13","2,248.27","2,505.58","2,543.54","2,585.95","2,668.66","2,793.82","2,848.94","2,725.6","2,115.11","1,774.08","1,586.49","1,547.16","1,595.06","1,564.9","",""
"ST. KITTS AND NEVIS","Real GDP Growth Rates (Market Prices)","%","9.98","5.31","1.37","-3.93","4","9.73","3.15","0.6","6.12","-4.05","-0.61","1.83","-2.23","5.38","6.28","1.03","2.83","-1.98","2.92","2.51","2.78"
"ST. KITTS AND NEVIS","Regulatory capital to risk-weighted assets (Capital adequacy ratio)","%","30.3","34.85","51.03","35.29","34.08","47.3","40.69","44.35","40.53","46.48","41.88","40.8","38.87","34.54","26.52","15.7","16.25","19.51","17.37","17.83",""
"ST. KITTS AND NEVIS","Return on Average Assets (annualised)","%","3.16","3.43","2.54","2.37","2.78","3.13","3.48","4.02","4.72","2.07","1.08","1.51","0.56","0.72","0.63","0.78","0.93","0.81","1.25","0.85",""
"ST. KITTS AND NEVIS","Return on Average Equity  (annualised)","%","46.84","48.15","25.28","24.56","29.82","33.68","35.83","39.22","34.92","16.27","8.99","13.62","5.37","7.92","7.48","10.31","12.14","9.49","14.18","9.91",""
"ST. KITTS AND NEVIS","Stay-over Visitors","No.","71,734","69,241","68,998","90,562","117,638","140,504","139,268","123,062","127,705","93,081","98,329","101,701","104,240","107,137","112,936","116,871","115,765","114,861","122,896","131,066",""
"ST. KITTS AND NEVIS","Total Net Foreign Assets – Central Bank and Commercial Banks","EC$000s","150,191","225,303","310,609","399,226","288,503","364,053","457,845","571,744","748,602","609,679","644,760","925,137","1,377,562","1,945,838","2,363,878","2,413,659","2,477,682","2,396,124","2,374,399","2,530,945",""
"ST. KITTS AND NEVIS","Total Visitor Expenditure (EC$M)","EC$M","157.8","167","154.26","203.45","277.14","327.12","355.45","336.92","297.17","225.41","241.74","291.43","295.05","314.72","339.09","361.34","374.66","431.01","528.56","545.09",""
"ST. KITTS AND NEVIS","Weighted Average Deposits Rate","%","","","","3.54","3.64","3.8","3.75","3.81","3.71","3.37","3.46","3.37","3.4","3.01","2.49","2.05","1.85","1.78","1.71","1.72",""
"ST. KITTS AND NEVIS","Weighted Average Lending Rate","%","","","","9.2","9.86","9.78","9.31","8.95","8.6","8.48","8.46","9.1","8.36","8.81","8.62","8.54","8.56","8.42","8.06","7.89",""
"SAINT LUCIA","Central Government - Capital Expenditure","EC$M","150.97","122.86","138.11","181.45","154.81","234.11","251.32","216.31","179.91","200.24","146.19","268.37","242.02","276.24","215.07","219.1","143.55","216.25","143.25","",""
"SAINT LUCIA","Central Government - Capital Revenue","EC$M","0.26","1.3","21.26","8.64","0.87","0","0.93","0.04","6.72","0.1","8.64","0.53","5.52","0.42","0.18","0.06","0.23","0.15","0.21","",""
"SAINT LUCIA","Central Government - Current Account Balance","EC$M","117.89","41.35","42.98","-0.02","47.53","96.71","162.99","221.02","164.01","109.02","53.07","71.28","-15.47","17.46","17.82","74.03","98.86","100.02","72.36","",""
"SAINT LUCIA","Central Government - Current Expenditure","EC$M","368.42","400.97","405.49","466.59","490.39","480.16","484.78","482.38","617.25","661.83","723.18","745.24","825.85","847.94","883.56","887.91","916.74","947.23","1,073.39","",""
"SAINT LUCIA","Central Government - Current Revenue","EC$M","486.31","442.32","448.47","466.57","537.92","576.87","647.77","703.4","781.26","770.85","776.24","816.52","810.38","865.41","901.38","961.95","1,015.61","1,047.25","1,145.75","",""
"SAINT LUCIA","Central Government - Debt Service Payments","EC$M","47.16","133.77","164.64","117.19","105.99","102.74","120.83","134.3","156.74","173.28","290.71","192.16","223.99","321.22","240.03","254.27","269.8","328.17","844.32","",""
"SAINT LUCIA","Central Government - Overall Balance","EC$M","-22.18","-62.7","-44.87","-129.78","-100.39","-133.21","-84.13","14.01","11.5","-65.21","-20.45","-161.82","-228.88","-241.02","-137.59","-92.97","-23.07","-56.61","-34.8","",""
"SAINT LUCIA","Central Government - Primary Balance","EC$M","5.63","-21.93","-1.11","-78.46","-38.49","-63.21","-5","95.08","89.89","24.64","72.37","-61.64","-105.7","-106.21","9.02","55.77","126.21","93.03","125.07","",""
"SAINT LUCIA","Central Government Credit (Net) (Countries) – Monetary Survey","EC$000s","-86,473","-113,797","-97,643","-105,165","-130,409","-90,918","-32,019","17,162","68,971","47,123","-52,013","-962","162,376","307,993","257,165","226,718","204,983","191,784","210,629","252,144",""
"SAINT LUCIA","Cruise Ship Passengers","No.","443,551","489,912","387,180","393,262","481,279","394,364","359,573","610,163","619,680","699,306","670,043","630,304","571,894","594,118","641,452","677,394","587,421","669,217","760,306","786,743",""
"SAINT LUCIA","Currency with the Public","EC$000s","84,598","82,089","83,588","91,297","99,160","106,380","126,580","128,047","142,566","142,464","151,526","165,244","163,010","159,970","154,892","153,851","165,762","159,623","163,371","155,009",""
"SAINT LUCIA","Domestic Credit – Monetary Survey","EC$000s","1,251,994","1,451,651","1,495,367","1,403,651","1,537,161","1,860,630","2,379,138","3,112,255","3,453,293","3,455,561","3,395,215","3,597,626","3,903,508","3,977,323","3,579,469","3,269,231","2,976,689","2,827,509","2,734,092","2,709,115",""
"SAINT LUCIA","Inflation Rate (end of period)","%","","5.47","-0.68","0.51","3.5","5.18","-0.62","6.79","3.4","-3.09","4.23","4.78","5.01","n.a.","3.67","-2.6","-2.83","1.98","n.a.","",""
"SAINT LUCIA","Inflation Rate (period average)","%","","5.31","-0.26","1.03","1.46","3.91","n.a.","2.82","5.55","-0.16","3.25","2.77","4.18","n.a.","3.52","-0.98","-3.08","0.1","n.a.","",""
"SAINT LUCIA","Interest margin to gross income (annualised)","%","75.59","76.93","74.9","71.02","73.23","74.25","76.36","74.78","72.78","74.04","73.1","71.72","71.76","67.83","70.43","67.78","61.18","60.71","61.35","60.65",""
"SAINT LUCIA","Liquid assets to short-term liabilities","%","14.01","17.72","19.71","27.6","28.22","26.75","24.88","23.32","19.71","21.16","20.4","22.38","22","22.63","28.08","34.49","35.85","39.07","42.01","43.24",""
"SAINT LUCIA","Liquid assets to total assets","%","12.78","15.36","16.94","23.65","23.79","23.35","22.17","20.73","17.02","18.66","19.17","19.48","19.92","20.7","26.19","32.2","33.55","36.68","39.44","40.39",""
"SAINT LUCIA","Merchandise Trade - Total Exports","EC$M","116.77","119.61","167.48","167.61","215.41","173.23","195.24","205.52","391.7","682.55","579.19","432.24","492.57","470.87","433.56","486.84","323.07","342.9","167.95","148.58",""
"SAINT LUCIA","Merchandise Trade - Total Imports","EC$M","958.68","834.78","834.24","1,087.68","1,067.77","1,282.87","1,598.46","1,662.03","1,775.09","1,405.11","1,788.73","1,881.52","1,737.71","1,675.14","1,693.77","1,539.57","1,767.83","1,768.52","1,778.73","1,614.83",""
"SAINT LUCIA","Merchandise Trade Balance","EC$M","-841.91","-715.16","-666.76","-920.07","-852.36","-1,109.64","-1,403.22","-1,456.51","-1,383.39","-722.56","-1,209.53","-1,449.28","-1,245.14","-1,204.27","-1,260.21","-1,052.73","-1,444.76","-1,425.62","-1,610.78","-1,466.26",""
"SAINT LUCIA","Monetary Liabilities (M2)","EC$000s","1,247,683","1,318,315","1,356,663","1,468,765","1,593,869","1,816,072","2,173,365","2,321,195","2,477,676","2,510,801","2,559,186","2,729,767","2,798,492","2,853,201","2,887,940","3,054,695","3,125,016","3,132,443","3,238,896","3,342,952",""
"SAINT LUCIA","Money Supply (M1)","EC$000s","315,857","314,059","321,902","390,947","519,304","599,499","605,276","683,546","671,858","658,869","643,615","675,033","701,034","695,441","748,569","769,087","859,735","909,964","1,016,060","1,054,919",""
"SAINT LUCIA","Net Domestic Assets – Monetary Survey","EC$000s","1,133,336","1,203,132","1,248,543","1,128,967","1,239,466","1,571,090","2,053,264","2,366,114","3,017,942","3,010,406","2,859,087","3,219,011","3,375,335","3,499,354","3,193,118","2,892,971","2,800,404","2,538,191","2,405,588","2,392,290",""
"SAINT LUCIA","Net Foreign Assets - Central Bank","EC$000s","207,797","235,168","248,083","284,631","353,203","310,282","359,708","411,261","381,836","410,605","496,236","517,814","562,224","454,851","635,383","804,868","780,383","829,924","742,049","682,744",""
"SAINT LUCIA","Net Foreign Assets - Commercial Banks","EC$000s","-94,149","-120,713","-141,264","55,166","1,197","-65,303","-239,306","-455,909","-922,102","-910,209","-796,136","-1,007,059","-1,139,067","-1,101,004","-940,561","-643,144","-455,771","-235,672","91,259","267,918",""
"SAINT LUCIA","Noninterest expenses to gross income (annualised)","%","55.39","58.92","68.43","61.1","63.98","58.15","55.69","54.32","50.09","55.05","59.91","61.92","64.77","66.97","70.01","67.32","65.4","61.2","59.95","58.93",""
"SAINT LUCIA","Nonperforming loans to gross loans","%","7.86","10.98","11.14","17.56","17.22","12.53","8.49","5.79","6.59","7.87","12.35","13.18","15.3","20.64","17.57","18.2","13.12","12.5","10.03","8.24",""
"SAINT LUCIA","Population","No.","155,996","157,775","158,644","159,513","160,382","161,250","162,119","162,988","163,857","164,726","165,595","167,366","169,170","170,875","172,623","174,257","175,819","177,301","178,695","",""
"SAINT LUCIA","Private Sector Credit – Monetary Survey","EC$000s","1,512,370","1,734,014","1,751,866","1,695,224","1,861,789","2,136,793","2,625,917","3,338,506","3,680,612","3,745,449","3,787,576","3,887,493","4,084,593","4,051,433","3,778,598","3,522,894","3,249,117","3,188,771","3,156,718","3,098,213",""
"SAINT LUCIA","Public Sector Debt to GDP","%","38.74","43.94","50.37","53.44","58.73","57.73","56.61","53.24","53.79","54.63","55.19","59.94","67.15","68.76","68.76","65.83","65.45","64.79","64.28","",""
"SAINT LUCIA","Public Sector Outstanding Debt","EC$M","872.73","947.04","1,094.99","1,274.62","1,513.31","1,583.52","1,734.18","1,840.97","1,868.66","1,887.29","2,086.89","2,340.38","2,610.76","2,754.6","2,894.38","2,949.12","3,016.98","3,181.86","3,342.73","",""
"SAINT LUCIA","Real GDP Growth Rates (Market Prices)","%","0.05","-3.41","0.42","4.26","7.27","-0.41","6.2","2.07","4.94","-1.45","0.3","4.14","-0.32","-2","1.31","0.26","3.16","2.2","1.08","1.5","3.78"
"SAINT LUCIA","Regulatory capital to risk-weighted assets (Capital adequacy ratio)","%","16.53","16.79","15.42","17.5","19.23","16.75","18.15","20.42","17.52","20.39","20.34","18.99","19.17","14.31","13.3","12.9","11.77","18.22","19.13","15.88",""
"SAINT LUCIA","Return on Average Assets (annualised)","%","2.46","1.7","0.9","1.43","2.38","2.25","2.36","2.77","2.77","2.12","1.53","0.46","0.85","-0.13","-0.06","0.33","-0.26","1.22","1.86","1.54",""
"SAINT LUCIA","Return on Average Equity  (annualised)","%","38.57","23.92","13.01","20.65","32.77","29.49","32.18","32.53","33.76","25.81","18.76","5.92","11.54","-2.34","-1.49","8.88","-7.04","27.09","35.16","25.29",""
"SAINT LUCIA","Stay-over Visitors","No.","269,850","250,132","253,463","276,948","298,431","317,939","302,510","287,518","295,761","278,491","305,937","312,404","306,801","318,626","338,158","344,908","347,872","386,127","394,780","423,736",""
"SAINT LUCIA","Total Net Foreign Assets – Central Bank and Commercial Banks","EC$000s","113,648","114,455","106,819","339,797","354,400","244,979","120,402","-44,648","-540,266","-499,604","-299,900","-489,245","-576,843","-646,153","-305,178","161,724","324,612","594,252","833,308","950,662",""
"SAINT LUCIA","Total Visitor Expenditure (EC$M)","EC$M","757.44","629.05","567.02","761.6","881.37","1,030.49","793.67","1,446.88","1,253.1","1,140.45","1,526.79","1,581.72","1,602.13","1,768.2","1,975.12","2,074.08","1,981.57","2,261.02","2,431.47","2,620.11",""
"SAINT LUCIA","Weighted Average Deposits Rate","%","","","","","2.84","2.69","2.91","3.07","3.18","3.14","3.25","3.07","2.93","2.79","2.58","1.94","1.62","1.48","1.44","1.42",""
"SAINT LUCIA","Weighted Average Lending Rate","%","","","","","10.68","10.52","10.2","8.84","9.59","9.73","9.48","9.05","8.51","8.41","8.5","8.35","8.15","7.99","7.95","7.56",""
"ST. VINCENT AND THE GRENADINES","CAPITAL EXPENDITURE","EC$M","","","","","","","","","","","","","","","107.62","86.24","78.16","88.65","68.39","",""
"ST. VINCENT AND THE GRENADINES","CURRENT ACCOUNT BALANCE","EC$M","","","","","","","","","","","","","","","26.27","29.32","77.95","29.75","21.04","",""
"ST. VINCENT AND THE GRENADINES","CURRENT EXPENDITURE","EC$M","","","","","","","","","","","","","","","508.92","512.9","514.63","563.61","573.53","",""
"ST. VINCENT AND THE GRENADINES","CURRENT REVENUE","EC$M","","","","","","","","","","","","","","","535.19","518.82","592.58","593.36","594.57","",""
"ST. VINCENT AND THE GRENADINES","Central Government - Capital Expenditure","EC$M","35.09","48.15","57.69","81.98","78.92","96.73","103.56","131.49","130.97","106.02","78.4","63.01","54.16","151.8","","","","","","",""
"ST. VINCENT AND THE GRENADINES","Central Government - Capital Revenue","EC$M","1.38","1.02","0.78","1.67","3.89","3.87","3.44","0.94","15.66","1.47","1.01","10.35","5.38","34.33","","","","","","",""
"ST. VINCENT AND THE GRENADINES","Central Government - Current Account Balance","EC$M","19.89","12.99","32.56","45.73","36.79","6.94","38.06","54.7","58.73","-3.24","10.65","-32.69","-16.29","-28.68","","","","","","",""
"ST. VINCENT AND THE GRENADINES","Central Government - Current Expenditure","EC$M","240.64","258.7","273.08","272.51","288.1","327.11","356.36","378.82","430.82","469.75","473.15","495.16","488.92","491.26","","","","","","",""
"ST. VINCENT AND THE GRENADINES","Central Government - Current Revenue","EC$M","260.53","271.69","305.63","318.24","324.89","334.05","394.42","433.52","489.55","466.51","483.8","462.48","472.62","462.58","","","","","","",""
"ST. VINCENT AND THE GRENADINES","Central Government - Debt Service Payments","EC$M","38.72","41.04","45.97","55.98","54.72","66.25","82.98","93.58","107.55","115.75","166.61","115.86","117.43","131.8","155.3","134.91","144.08","165.02","179.63","",""
"ST. VINCENT AND THE GRENADINES","Central Government - Overall Balance","EC$M","-4.15","-15.43","-13.7","-23.73","-15.7","-69.42","-54.28","-45.81","-11.43","-30.88","-52.59","-49.14","-38.47","-120.12","","","","","","",""
"ST. VINCENT AND THE GRENADINES","Central Government - Primary Balance","EC$M","20.57","9.21","12.38","4.12","11.86","-31.38","-11.07","-0.54","35.38","20.14","-0.19","-3.1","5.91","-72.21","","","","","","",""
"ST. VINCENT AND THE GRENADINES","Central Government Credit (Net) (Countries) – Monetary Survey","EC$000s","62,161","43,980","85,985","47,294","8,694","74,529","68,797","87,799","108,286","127,603","22,328","44,493","49,528","64,087","88,612","111,161","60,419","95,167","106,276","40,282",""
"ST. VINCENT AND THE GRENADINES","Cruise Ship Passengers","No.","86,247","76,494","70,314","64,965","77,585","69,753","106,474","144,555","116,709","149,462","110,954","88,924","77,179","80,185","85,170","82,079","94,151","174,236","217,876","255,225",""
"ST. VINCENT AND THE GRENADINES","Currency with the Public","EC$000s","52,109","51,513","54,025","56,654","64,387","74,437","80,499","89,816","80,535","63,501","50,609","46,512","43,867","48,142","53,606","64,621","91,722","95,872","107,073","131,093",""
"ST. VINCENT AND THE GRENADINES","Domestic Credit – Monetary Survey","EC$000s","524,200","537,897","595,887","574,150","622,503","700,345","796,718","933,849","985,523","1,029,228","891,979","906,665","959,537","998,912","1,020,240","1,069,383","1,045,431","1,090,999","1,107,305","1,033,195",""
"ST. VINCENT AND THE GRENADINES","Inflation Rate (end of period)","%","","-0.65","2.42","2.18","1.74","3.9","4.77","8.34","8.73","-1.62","2.02","4.74","1.04","0","0.09","-2.05","0.95","3.02","1.37","",""
"ST. VINCENT AND THE GRENADINES","Inflation Rate (period average)","%","","0.9","1.86","0.21","2.96","3.73","3.05","6.92","10.07","0.42","1.48","3.19","2.6","0.81","0.19","-1.73","-0.15","2.15","2.32","",""
"ST. VINCENT AND THE GRENADINES","Interest margin to gross income (annualised)","%","75.27","74.99","76.15","61.2","73.33","76.9","79.8","73.91","74.86","71.93","62.28","68.02","68.15","66.46","64.61","67.17","66.52","67.75","64.06","65.24",""
"ST. VINCENT AND THE GRENADINES","Liquid assets to short-term liabilities","%","38.32","37.55","35.69","38.6","42.15","44.33","41.82","41.12","40.4","36.85","42.88","39.21","38.36","41.7","42.24","44.15","46.22","43.52","41.6","45.55",""
"ST. VINCENT AND THE GRENADINES","Liquid assets to total assets","%","34.08","34.32","31.63","35.34","36.71","36.93","35.8","35.44","34.19","30.71","35.89","33.31","32.76","36.06","37.58","39.16","40.98","38.74","37.66","41.36",""
"ST. VINCENT AND THE GRENADINES","Merchandise Trade - Total Exports","EC$M","135.52","112.38","106.1","102.58","98.9","107.68","102.89","128.83","140.96","135.24","110.94","103.51","115.02","132.81","129.73","123.58","126.21","114.7","117.91","103.17",""
"ST. VINCENT AND THE GRENADINES","Merchandise Trade - Total Imports","EC$M","398.54","464","481.98","540.53","608.51","649.43","726.98","882.38","1,007.36","900.66","912.51","895.66","961.33","999.02","976.03","901.02","903.84","890.87","954.85","905.14",""
"ST. VINCENT AND THE GRENADINES","Merchandise Trade Balance","EC$M","-263.02","-351.62","-375.89","-437.96","-509.6","-541.75","-624.09","-753.55","-866.4","-765.42","-801.57","-792.16","-846.31","-866.21","-846.3","-777.44","-777.63","-776.17","-836.94","-801.97",""
"ST. VINCENT AND THE GRENADINES","Monetary Liabilities (M2)","EC$000s","687,937","728,231","776,739","794,732","886,939","926,643","985,429","1,063,469","1,082,912","1,085,768","1,113,997","1,110,140","1,183,949","1,285,027","1,408,625","1,475,779","1,520,720","1,539,220","1,565,128","1,720,301",""
"ST. VINCENT AND THE GRENADINES","Money Supply (M1)","EC$000s","232,499","253,726","264,274","279,832","319,712","354,932","370,506","397,624","386,067","359,056","345,479","331,445","360,943","374,205","426,298","437,830","479,789","475,839","515,969","580,448",""
"ST. VINCENT AND THE GRENADINES","Net Domestic Assets – Monetary Survey","EC$000s","407,716","474,280","503,909","481,316","459,508","496,695","556,926","710,719","697,531","724,050","638,698","715,840","775,168","791,949","900,396","920,542","862,763","931,317","965,999","893,823",""
"ST. VINCENT AND THE GRENADINES","Net Foreign Assets - Central Bank","EC$000s","147,019","164,074","141,733","136,226","200,938","185,835","210,541","232,971","224,318","203,555","299,973","238,111","294,661","359,421","421,427","444,805","516,242","487,004","454,937","517,861",""
"ST. VINCENT AND THE GRENADINES","Net Foreign Assets - Commercial Banks","EC$000s","133,203","89,877","131,096","177,189","226,493","244,113","217,963","119,779","161,064","158,162","175,325","156,190","114,119","133,657","86,802","92,394","141,716","120,899","144,192","308,617",""
"ST. VINCENT AND THE GRENADINES","Noninterest expenses to gross income (annualised)","%","68.13","73.38","65.85","61.75","67.25","58.73","66.11","61.08","62.11","67.65","68.85","78.22","69.44","82.58","88.82","76.47","84.55","87.57","80.84","74.63",""
"ST. VINCENT AND THE GRENADINES","Nonperforming loans to gross loans","%","4.16","5.47","4.8","8.27","9.38","5.3","4.32","3.41","3.85","8.31","8.61","7.66","7.42","8.3","9.98","8.65","9.53","8.17","6.48","6.42",""
"ST. VINCENT AND THE GRENADINES","OVERALL BALANCE","EC$M","","","","","","","","","","","","","","","-40.45","-4.37","45.77","-24.4","-22.89","",""
"ST. VINCENT AND THE GRENADINES","PRIMARY BALANCE","EC$M","","","","","","","","","","","","","","","5.22","40.46","88.5","25.34","27","",""
"ST. VINCENT AND THE GRENADINES","Population","No.","109,790","109,064","107,854","105,158","104,555","109,418","109,507","109,595","109,683","109,771","109,859","109,947","110,035","110,123","110,211","110,299","110,343","110,431","110,520","",""
"ST. VINCENT AND THE GRENADINES","Private Sector Credit – Monetary Survey","EC$000s","602,796","614,857","641,519","647,750","676,997","692,435","788,248","899,203","926,440","942,853","960,002","999,246","1,034,319","1,047,844","1,045,256","1,069,885","1,084,051","1,100,963","1,102,814","1,099,825",""
"ST. VINCENT AND THE GRENADINES","Public Sector Debt to GDP","%","59.05","57.13","56.86","61.31","65.35","65.92","62.23","56.97","58.83","64.71","67.25","69.9","68.65","71.39","80.3","79.13","82.12","74.11","75.46","",""
"ST. VINCENT AND THE GRENADINES","Public Sector Outstanding Debt","EC$M","631.82","663.36","709.07","797.54","921.01","980.21","1,026.5","1,052.83","1,104.64","1,179.16","1,236.98","1,276.08","1,284.31","1,390.23","1,577.72","1,613.85","1,717.02","1,585.04","1,652.91","",""
"ST. VINCENT AND THE GRENADINES","Real GDP Growth Rates (Market Prices)","%","1.64","1.71","6.32","7.69","4.16","2.49","7.69","3.34","1.58","-2.1","-3.35","-0.42","1.38","1.83","1.21","1.33","1.9","1","2.16","0.34","1.91"
"ST. VINCENT AND THE GRENADINES","Regulatory capital to risk-weighted assets (Capital adequacy ratio)","%","12.35","12.75","13.39","7.78","11.15","14.46","15.97","17.03","18.16","18.57","19","17.4","17.07","16.3","16.51","21.04","20.85","19.87","23.13","16.97",""
"ST. VINCENT AND THE GRENADINES","Return on Average Assets (annualised)","%","0.75","0.96","1.22","0.98","1.22","2.42","1.97","2.29","2.35","1.75","1.03","0.45","0.98","0.5","-0.17","0.79","0.27","-0.06","0.48","1.11",""
"ST. VINCENT AND THE GRENADINES","Return on Average Equity  (annualised)","%","9.82","11.76","14.92","12.15","15.09","23.92","15.49","18.61","19.84","14.53","8.45","3.91","8.82","4.6","-1.72","10.57","3.84","-0.85","6.48","15.02",""
"ST. VINCENT AND THE GRENADINES","Stay-over Visitors","No.","72,894","70,686","77,622","78,535","86,721","95,504","97,432","89,532","84,101","75,446","72,478","73,866","74,364","71,725","70,713","75,381","79,395","75,972","80,080","85,296",""
"ST. VINCENT AND THE GRENADINES","Total Net Foreign Assets – Central Bank and Commercial Banks","EC$000s","280,222","253,951","272,829","313,415","427,431","429,948","428,504","352,750","385,382","361,717","475,298","394,301","408,780","493,078","508,229","537,199","657,958","607,903","599,129","826,478",""
"ST. VINCENT AND THE GRENADINES","Total Visitor Expenditure (EC$M)","EC$M","116.29","112.21","125.28","122.77","258","280.51","305.8","297.03","259.3","236.35","232.7","247.55","254.2","249.33","249.44","258.51","270.34","256.78","281.84","317.25",""
"ST. VINCENT AND THE GRENADINES","Weighted Average Deposits Rate","%","","","","1.21","2.78","2.93","2.75","2.79","2.76","2.93","2.76","2.9","2.79","2.63","2.51","1.92","1.82","1.82","1.78","1.68",""
"ST. VINCENT AND THE GRENADINES","Weighted Average Lending Rate","%","","","","3.26","8.79","9.76","9.9","9.62","9.6","9.14","9","9.08","9.42","9.41","9.3","9.22","8.9","8.58","8.41","8.3",""
"ECCU","Central Government - Capital Expenditure","EC$M","550.77","621.49","737.11","633.66","594.53","791.7","1,056.22","1,058.88","1,062.9","885.47","696.6","801.18","715.21","1,008.68","901.02","840.68","764.37","882.51","1,108.05","",""
"ECCU","Central Government - Capital Revenue","EC$M","14.92","11.19","36.48","33.69","35.33","43.33","16.06","46.97","99","22.85","27.27","24.72","26.02","60.48","37.73","101.27","200.17","25.06","64.86","",""
"ECCU","Central Government - Current Account Balance","EC$M","12.47","-111.53","-118.54","-9.31","71.21","214.06","285.58","435.86","310.75","-21.03","130.72","126.25","90.66","151.62","339.22","574.6","774.18","499.48","726.24","",""
"ECCU","Central Government - Current Expenditure","EC$M","1,963.38","2,074.7","2,208.51","2,247.02","2,450.5","2,533.46","2,793.81","2,987.57","3,363.31","3,463.38","3,402.45","3,565.94","3,589.29","3,698.39","3,876.19","3,926.09","4,154.27","4,363.45","4,752.34","",""
"ECCU","Central Government - Current Revenue","EC$M","1,942.22","1,921.58","2,044.51","2,172.92","2,385.76","2,614.61","3,007.28","3,364.55","3,596.55","3,309.88","3,368.72","3,554.66","3,570.64","3,774.17","4,103.42","4,361.79","4,787.51","4,741.8","5,343.85","",""
"ECCU","Central Government - Debt Service Payments","EC$M","446.45","545.12","621.39","559.44","666.11","627.29","845.29","788.97","893.37","874","1,238.65","1,018.65","1,007.9","1,058.39","1,125.9","1,240.59","1,379.2","1,441","1,968.19","",""
"ECCU","Central Government - Overall Balance","EC$M","-340.53","-561.52","-697.88","-420.23","-353.32","182.08","-469.26","-406.46","-403.32","-661.24","-323.76","-467.36","-329.01","-523.45","-158.43","107.14","394.54","-91.91","-80.25","",""
"ECCU","Central Government - Primary Balance","EC$M","-64.39","-298.4","-370.44","-77.86","43.59","533.59","-69.59","8.68","20.24","-233.82","100.23","-32.76","137.67","-85.63","321.89","559.23","853.94","369.13","389.26","",""
"ECCU","Central Government Credit (Net) (ECCU only) – Monetary Survey","EC$000s","740,145","745,485","794,277","744,225","731,949","1,100,215","1,111,856","1,346,806","1,610,530","1,824,635","1,141,531","1,622,864","1,575,752","1,529,897","1,605,297","450,353","128,695","404,362","531,432","650,518",""
"ECCU","Cruise Ship Passengers","No.","1,543,301","1,582,398","1,208,885","1,315,062","1,949,929","1,723,084","1,739,100","2,301,876","2,406,808","2,868,562","2,705,962","2,581,320","2,252,860","2,227,815","2,475,312","2,859,801","2,817,945","3,167,323","3,415,091","3,407,336",""
"ECCU","Currency in Circulation (ECCU)","EC$000s","538,574","539,974","561,149","608,200","662,897","732,831","783,319","842,090","878,287","835,553","833,884","875,983","895,607","925,649","991,210","1,024,494","1,120,161","1,196,307","1,251,779","1,323,864",""
"ECCU","Currency with the Public","EC$000s","389,811","376,247","396,351","430,041","486,612","521,775","586,360","595,251","612,838","621,374","616,080","634,594","633,819","667,573","715,797","763,918","833,986","898,382","948,402","976,923",""
"ECCU","Domestic Credit – Monetary Survey","EC$000s","6,045,754","6,387,490","6,663,943","6,841,968","7,391,266","8,338,617","9,552,704","11,472,320","12,779,601","13,405,101","13,296,082","13,429,020","13,396,802","12,888,291","12,088,157","10,288,517","9,223,142","9,049,410","9,129,461","9,427,060",""
"ECCU","Inflation Rate (end of period)","%","","2.14","0.49","2.24","2.82","4.2","2.17","6.4","3.66","-0.1","4.79","4.41","2.51","-0.1","1.14","-1.16","-1.22","2.47","1.53","",""
"ECCU","Inflation Rate (period average)","%","","2.81","0.66","2.05","2.23","3.01","3.69","3.6","6.18","0.71","4","3.95","2.75","1.09","1.18","-0.74","-1.35","1.64","1.54","",""
"ECCU","Interest margin to gross income (annualised)","%","79","77.46","75.68","71.26","69.4","71.95","69.93","68.82","64.97","73.05","69.18","67.11","64.23","64.35","64.44","63.82","62.38","61.75","59.27","58.5",""
"ECCU","Liquid assets to short-term liabilities","%","23.85","28.65","30.71","34.79","36.22","34.73","31.27","29.93","26.3","26.35","23.48","26.51","28.18","29.51","33.06","36.23","37.25","39.34","39.66","44.55",""
"ECCU","Liquid assets to total assets","%","21.15","24.97","26.84","29.97","31.29","28.72","27.13","25.4","22.15","22.22","19.98","22.88","24.52","26.5","30.17","33.05","34.44","36.18","36.39","40.16",""
"ECCU","Merchandise Trade - Total Exports","EC$M","771.16","659.75","648.1","703.2","648.81","972.32","1,101.07","1,162.2","1,175.91","1,742.18","1,111.89","972.3","1,051.14","1,062.59","995.03","1,031.47","814.05","790.55","642.61","707.98",""
"ECCU","Merchandise Trade - Total Imports","EC$M","4,178.7","3,775.41","3,885.75","4,540.26","3,597.61","5,700.36","6,709.69","7,506.24","8,356.63","6,897.66","6,735.53","6,731.96","6,818.62","6,863.38","7,031.05","6,688.17","7,007.21","7,218.71","8,481.73","8,208.11",""
"ECCU","Merchandise Trade Balance","EC$M","-3,407.54","-3,115.67","-3,237.66","-3,837.07","-2,948.8","-4,728.04","-5,608.62","-6,344.05","-7,180.72","-5,155.49","-5,623.63","-5,759.66","-5,767.48","-5,800.79","-6,036.02","-5,656.7","-6,193.16","-6,428.16","-7,839.11","-7,500.13",""
"ECCU","Monetary Liabilities (M2)","EC$000s","6,451,565","6,895,910","7,454,455","8,131,851","9,126,410","9,841,259","10,912,284","12,132,933","12,528,134","12,564,259","12,775,791","13,186,861","13,640,570","14,237,110","15,125,744","15,910,699","15,857,986","16,405,216","16,872,834","17,273,909",""
"ECCU","Money Supply (M1)","EC$000s","1,369,277","1,448,903","1,525,391","1,742,580","2,179,555","2,362,140","2,548,047","2,886,534","2,844,687","2,652,139","2,638,588","2,758,661","2,870,366","2,925,586","3,253,350","3,525,108","3,787,663","4,193,858","4,479,473","4,729,196",""
"ECCU","Net Domestic Assets – Monetary Survey","EC$000s","5,429,867","5,467,038","5,671,617","5,777,790","6,249,981","6,853,240","7,744,380","9,105,665","10,256,379","10,668,972","10,627,465","11,133,967","10,986,904","10,755,914","10,165,474","9,449,331","8,656,191","7,758,567","7,736,255","7,779,072",""
"ECCU","Net Foreign Assets - Central Bank","EC$000s","1,018,007","1,192,484","1,328,377","1,444,981","1,701,135","1,611,912","1,871,930","2,056,596","2,039,757","2,156,965","2,498,312","2,717,944","3,031,398","3,149,941","3,804,491","4,205,967","4,557,251","4,706,941","4,655,689","4,523,705",""
"ECCU","Net Foreign Assets - Commercial Banks","EC$000s","3,691","236,388","454,461","909,079","1,175,294","1,376,107","1,295,974","970,672","231,998","-261,678","-349,986","-665,050","-377,732","331,255","1,155,780","2,255,401","2,644,544","3,547,016","4,080,969","4,657,341",""
"ECCU","Noninterest expenses to gross income (annualised)","%","56.43","57.12","61.42","60.41","63.26","58.15","54.53","54.19","53.98","59.58","64.05","69.52","67.04","82.12","76.56","71.75","67.58","69.95","66.06","64.71",""
"ECCU","Nonperforming loans to gross loans","%","5.46","6.79","7.16","11.99","12.62","9.33","7.5","5.98","7.47","7.39","10.47","12.53","14.95","18.13","17.61","16.75","10.93","12.05","11.29","10.09",""
"ECCU","Population","No.","569,363","580,668","582,751","583,262","584,695","591,801","594,394","597,243","600,085","602,365","604,472","605,168","608,753","613,308","617,970","623,573","629,370","634,932","640,566","",""
"ECCU","Private Sector Credit – Monetary Survey","EC$000s","6,056,153","6,371,388","6,621,188","6,857,538","7,362,392","8,200,709","9,525,356","11,309,835","12,453,607","12,802,527","13,062,581","13,197,244","13,333,986","12,979,510","12,376,632","11,841,090","11,060,258","11,049,257","11,052,235","11,111,674",""
"ECCU","Public Sector Debt to GDP","%","66.58","73.59","82.54","88.64","91.15","85.02","80.76","73.94","72.67","78.23","78.88","81.57","83.24","82.3","78.98","72.79","71.84","70.04","68.05","",""
"ECCU","Public Sector Outstanding Debt","EC$M","6,324.04","7,030.61","8,096.26","9,183.86","10,125.77","10,271.25","10,840.83","11,093.46","11,379.48","11,686.36","11,881.08","12,578.63","12,951.63","13,128.83","13,338.7","12,978.85","13,404.49","13,358.84","13,711.71","",""
"ECCU","Real GDP Growth Rates (Market Prices)","%","3.65","-1.15","1.36","4.88","4.8","5.5","6.31","5.27","2.7","-6.01","-2.48","1.12","-0.08","0.52","3.8","2.04","3.19","0.81","3.87","3.25","3.34"
"ECCU","Regulatory capital to risk-weighted assets (Capital adequacy ratio)","%","17.5","18.48","19.68","17.78","18.07","18.53","19.45","19.88","19.57","21.89","21.63","17.91","18.23","13.95","11.1","13.37","16.48","18.7","19.13","19.85",""
"ECCU","Return on Average Assets (annualised)","%","2.22","2.09","1.62","1.7","1.72","2.05","2.52","2.6","2.54","1.74","1.21","0.67","0.71","-0.11","0.18","0.8","0.8","0.74","1.08","1.35",""
"ECCU","Return on Average Equity  (annualised)","%","31.34","27.98","19.91","21.07","21.19","24.89","29.11","28.28","27.44","18.34","12.93","7.92","10.2","-1.86","3.99","20.35","14.59","11.92","16.26","19.67",""
"ECCU","Stay-over Visitors","No.","894,764","850,470","862,341","954,056","1,042,882","1,048,911","1,076,536","1,054,209","1,053,937","918,219","944,826","979,247","984,700","998,056","1,054,213","1,073,752","1,106,810","1,118,234","1,155,430","1,299,566",""
"ECCU","Total Net Foreign Assets – Central Bank and Commercial Banks","EC$000s","1,021,698","1,428,872","1,782,838","2,354,060","2,876,429","2,988,019","3,167,904","3,027,268","2,271,755","1,895,287","2,148,326","2,052,894","2,653,666","3,481,196","4,960,271","6,461,368","7,201,795","8,253,957","8,736,658","9,181,046",""
"ECCU","Total Visitor Expenditure (EC$M)","EC$M","2,483.67","2,298.99","2,262.9","2,442.81","2,825.32","3,087.17","3,079.28","3,873.87","3,605.5","3,187.46","3,624.9","3,855.11","4,470.39","4,770.57","5,247.91","5,384.9","5,361.82","5,593.72","6,154.67","6,846.83",""
"ECCU","Weighted Average Deposits Rate","%","","","","1.25","3.2","3.25","3.28","3.26","3.32","3.22","3.16","3.06","3.04","2.85","2.58","1.98","1.71","1.63","1.57","1.58",""
"ECCU","Weighted Average Lending Rate","%","","","","3.04","10.38","10.23","9.93","9.45","9.48","9.49","9.48","9.53","8.91","8.94","8.92","8.74","8.53","8.41","8.11","7.94",""